"1","A1001","北京市","朝阳区霄云路49号","2020-08-05 14:22:27"
"2","A1002","北京市","朝阳区霄云路50号","2020-08-05 14:22:27"
"3","A1003","北京市","朝阳区霄云路51号","2020-08-05 14:22:27"
"4","A1004","北京市","朝阳区霄云路76号","2020-08-05 14:22:27"
"5","A1005","北京市","朝阳区霄云路48号","2020-08-05 14:22:27"
"6","A1006","北京市","朝阳区霄云路31号","2020-08-05 14:22:27"
"7","A1007","北京市","朝阳区霄云路78号","2020-08-05 14:22:27"
"8","A1008","北京市","朝阳区霄云路1960号","2020-08-05 14:22:27"
"9","A1009","北京市","朝阳区霄云路54号","2020-08-05 14:22:27"
"10","A1010","北京市","朝阳区霄云路52号","2020-08-05 14:22:27"
"11","A1011","北京市","朝阳区霄云路99号","2020-08-05 14:22:27"
"12","A1012","北京市","朝阳区霄云路146号","2020-08-05 14:22:27"
"13","A1013","北京市","朝阳区霄云路442号","2020-08-05 14:22:27"
"14","A1014","北京市","朝阳区霄云路424号","2020-08-05 14:22:27"
"15","A1015","北京市","朝阳区霄云路842号","2020-08-05 14:22:27"
"16","A1016","北京市","朝阳区霄云路1042号","2020-08-05 14:22:27"
"17","A1017","北京市","朝阳区霄云路409号","2020-08-05 14:22:27"
"18","A1018","北京市","朝阳区霄云路740号","2020-08-05 14:22:27"
"19","A1019","北京市","朝阳区霄云路430号","2020-08-05 14:22:27"
"20","A1020","北京市","朝阳区霄云路400号","2020-08-05 14:22:27"
"21","A1021","北京市","朝阳区霄云路甲35号","2020-08-05 14:22:27"
"22","A1022","北京市","朝阳区霄云路乙35号","2020-08-05 14:22:27"
"23","A1023","北京市","朝阳区霄云路395号6-1","2020-08-05 14:22:27"
"24","A1024","北京市","朝阳区霄云路25号","2020-08-05 14:22:27"
"25","A1025","北京市","朝阳区霄云路125号","2020-08-05 14:22:27"
"26","A1026","北京市","朝阳区霄云路225号","2020-08-05 14:22:27"
"27","A1027","北京市","朝阳区霄云路329号","2020-08-05 14:22:27"
"28","A1028","北京市","朝阳区霄云路129号","2020-08-05 14:22:27"
"29","A1029","北京市","朝阳区霄云路229号","2020-08-05 14:22:27"
"30","A1030","北京市","朝阳区霄云路25乙102-103室","2020-08-05 14:22:27"
"31","A1031","北京市","朝阳区霄云路乙325号","2020-08-05 14:22:27"
"32","A1032","北京市","朝阳区霄云路乙625号","2020-08-05 14:22:27"
"33","A1033","北京市","朝阳区霄云路乙925号","2020-08-05 14:22:27"
"34","A1034","北京市","朝阳区霄云路乙1225号","2020-08-05 14:22:27"
"35","A1035","北京市","朝阳区霄云路30号院5号楼","2020-08-05 14:22:27"
"36","A1036","广东省广州市","越秀区中山一路24号","2020-08-05 14:22:27"
"37","A1037","广东省广州市","越秀区中山一路2211号","2020-08-05 14:22:27"
"38","A1038","广东省广州市","越秀区中山一路121号","2020-08-05 14:22:27"
"39","A1039","广东省广州市","越秀区中山一路23-25号","2020-08-05 14:22:27"
"40","A1040","广东省广州市","越秀区中山一路223-225号","2020-08-05 14:22:27"
"41","A1041","广东省广州市","越秀区泰兴直街64号二楼","2020-08-05 14:22:27"
"42","A1042","广东省广州市","越秀区泰兴直街164号二楼","2020-08-05 14:22:27"
"43","A1043","广东省广州市","越秀区泰兴直街264号二楼","2020-08-05 14:22:27"
"44","A1044","广东省广州市","越秀区中山一路17","2020-08-05 14:22:27"
"45","A1045","广东省广州市","越秀区中山一路117","2020-08-05 14:22:27"
"46","A1046","广东省广州市","越秀区中山一路217号707室","2020-08-05 14:22:27"
"47","A1047","广东省广州市","越秀区中山一路317号1707室","2020-08-05 14:22:27"
"48","A1048","广东省广州市","越秀区中山一路1017号","2020-08-05 14:22:27"
"49","A1049","广东省广州市","越秀区中山一路127号","2020-08-05 14:22:27"
"50","A1050","广东省广州市","越秀区中山一路177号","2020-08-05 14:22:27"
"51","A1051","广东省广州市","越秀区中山一路1907号","2020-08-05 14:22:27"
"52","A1052","广东省广州市","越秀区中山一路11","2020-08-05 14:22:27"
"53","A1053","广东省广州市","越秀区中山一路1101","2020-08-05 14:22:27"
"54","A1054","广东省广州市","越秀区中山一路111","2020-08-05 14:22:27"
"55","A1055","广东省广州市","越秀区中山一路1122","2020-08-05 14:22:27"
"56","A1056","广东省广州市","越秀区中山一路1132","2020-08-05 14:22:27"
"57","A1057","广东省广州市","越秀区中山一路1190","2020-08-05 14:22:27"
"58","A1058","广东省广州市","越秀区中山一路1号","2020-08-05 14:22:27"
"59","A1059","广东省广州市","越秀区中山一路12号","2020-08-05 14:22:27"
"60","A1060","广东省广州市","越秀区中山一路21号","2020-08-05 14:22:27"
"61","A1061","广东省广州市","越秀区中山一路19号","2020-08-05 14:22:27"
"62","A1062","广东省广州市","越秀区广州大道中165号","2020-08-05 14:22:27"
"63","A1063","广东省广州市","越秀区广州大道中265号","2020-08-05 14:22:27"
"64","A1064","广东省广州市","越秀区广州大道中365号","2020-08-05 14:22:27"
"65","A1065","广东省广州市","越秀区广州大道中465号","2020-08-05 14:22:27"
"66","A1066","广东省广州市","越秀区广州大道中565号","2020-08-05 14:22:27"
"67","A1067","广东省广州市","越秀区广州大道中1365号","2020-08-05 14:22:27"
"68","A1068","广东省广州市","越秀区广州大道中675号","2020-08-05 14:22:27"
"69","A1069","广东省广州市","越秀区广州大道中775号","2020-08-05 14:22:27"
"70","A1070","广东省广州市","越秀区广州大道中1373号","2020-08-05 14:22:27"
"71","A1071","广东省广州市","越秀区广州大道中873号","2020-08-05 14:22:27"
"72","A1072","广东省广州市","天河区广州大道中373号","2020-08-05 14:22:27"
"73","A1073","广东省广州市","天河区广州大道中473号","2020-08-05 14:22:27"
"74","A1074","广东省广州市","天河区广州大道中33号","2020-08-05 14:22:27"
"75","A1075","广东省广州市","天河区广州大道中323号","2020-08-05 14:22:27"
"76","A1076","广东省广州市","天河区广州大道中1373号","2020-08-05 14:22:27"
"77","A1077","广东省广州市","天河区广州大道中158号","2020-08-05 14:22:27"
"78","A1078","广东省广州市","天河区广州大道中258号","2020-08-05 14:22:27"
"79","A1079","广东省广州市","天河区广州大道中458号","2020-08-05 14:22:27"
"80","A1080","广东省广州市","天河区广州大道中758号","2020-08-05 14:22:27"
"81","A1081","广东省广州市","天河区广州大道中656号","2020-08-05 14:22:27"
"82","A1082","广东省广州市","天河区广州大道中2656号","2020-08-05 14:22:27"
"83","A1083","广东省广州市","天河区广州大道中3656号","2020-08-05 14:22:27"
"84","A1084","广东省广州市","天河区中山一路立交桥底","2020-08-05 14:22:27"
"85","A1085","广东省广州市","天河区黄埔大道中578号","2020-08-05 14:22:27"
"86","A1086","广东省广州市","天河区黄埔大道中582号","2020-08-05 14:22:27"
"87","A1087","广东省广州市","天河区黄埔大道中586号","2020-08-05 14:22:27"
"88","A1088","广东省广州市","天河区黄埔大道中590号","2020-08-05 14:22:27"
"89","A1089","广东省广州市","天河区黄埔大道中596号","2020-08-05 14:22:27"
"90","A1090","广东省广州市","天河区黄埔大道中600号","2020-08-05 14:22:27"
"91","A1091","广东省广州市","天河区黄埔大道中604号","2020-08-05 14:22:27"
"92","A1092","广东省广州市","天河区黄埔大道中608号","2020-08-05 14:22:27"
"93","A1093","广东省广州市","天河区黄埔大道中612号","2020-08-05 14:22:27"
"94","A1094","广东省广州市","天河区黄埔大道中616号","2020-08-05 14:22:27"
"95","A1095","广东省广州市","天河区黄埔大道中620号","2020-08-05 14:22:27"
"96","A1096","广东省广州市","天河区黄埔大道中626号","2020-08-05 14:22:27"
"97","A1097","广东省广州市","天河区黄埔大道中630号","2020-08-05 14:22:27"
"98","A1098","广东省广州市","天河区黄埔大道中632号","2020-08-05 14:22:27"
"99","A1099","广东省广州市","天河区黄埔大道中636号","2020-08-05 14:22:27"
"100","A1100","广东省广州市","天河区黄埔大道中640号","2020-08-05 14:22:27"
"101","A1101","广东省广州市","天河区黄埔大道中644号","2020-08-05 14:22:27"
"102","A1102","广东省广州市","天河区黄埔大道中646号","2020-08-05 14:22:27"
"103","A1103","广东省广州市","天河区黄埔大道中650号","2020-08-05 14:22:27"
"104","A1104","广东省广州市","天河区黄埔大道中654号","2020-08-05 14:22:27"
"105","A1105","广东省广州市","天河区黄埔大道中658号","2020-08-05 14:22:27"
"106","A1106","广东省广州市","天河区黄埔大道中660号","2020-08-05 14:22:27"
"107","A1107","广东省广州市","天河区黄埔大道中664号","2020-08-05 14:22:27"
"108","A1108","广东省广州市","天河区黄埔大道中668号","2020-08-05 14:22:27"
"109","A1109","广东省广州市","天河区黄埔大道中670号","2020-08-05 14:22:27"
"110","A1110","广东省广州市","天河区黄埔大道中674号","2020-08-05 14:22:27"
"111","A1111","广东省广州市","天河区黄埔大道中678号","2020-08-05 14:22:27"
"112","A1112","广东省广州市","天河区黄埔大道中680号","2020-08-05 14:22:27"
"113","A1113","广东省广州市","天河区黄埔大道中684号","2020-08-05 14:22:27"
"114","A1114","广东省广州市","天河区黄埔大道中686号","2020-08-05 14:22:27"
"115","A1115","广东省广州市","天河区黄埔大道中688号","2020-08-05 14:22:27"
"116","A1116","广东省广州市","天河区黄埔大道东2号","2020-08-05 14:22:27"
"117","A1117","广东省广州市","天河区黄埔大道东12号","2020-08-05 14:22:27"
"118","A1118","广东省广州市","天河区黄埔大道东6号","2020-08-05 14:22:27"
"119","A1119","广东省广州市","天河区黄埔大道东14号","2020-08-05 14:22:27"
"120","A1120","广东省广州市","天河区黄埔大道东4号","2020-08-05 14:22:27"
"121","A1121","广东省广州市","天河区黄埔大道中126号","2020-08-05 14:22:27"
"122","A1122","广东省广州市","天河区黄埔大道东226号","2020-08-05 14:22:27"
"123","A1123","广东省广州市","天河区黄埔大道东326号","2020-08-05 14:22:27"
"124","A1124","广东省广州市","天河区黄埔大道东426号","2020-08-05 14:22:27"
"125","A1125","广东省广州市","天河区黄埔大道东526号","2020-08-05 14:22:27"
"126","A1126","广东省广州市","天河区黄埔大道东1126号","2020-08-05 14:22:27"
"127","A1127","广东省广州市","天河区黄埔大道东1006号","2020-08-05 14:22:27"
"128","A1128","广东省广州市","天河区黄埔大道东106号","2020-08-05 14:22:27"
"129","A1129","辽宁省大连市","中山区荣泰街19号","2020-08-05 14:22:27"
"130","A1130","辽宁省大连市","中山区荣泰街119号","2020-08-05 14:22:27"
"131","A1131","辽宁省大连市","中山区荣泰街10","2020-08-05 14:22:27"
"132","A1132","辽宁省大连市","中山区荣泰街101","2020-08-05 14:22:27"
"133","A1133","辽宁省大连市","中山区荣泰街102","2020-08-05 14:22:27"
"134","A1134","辽宁省大连市","中山区荣泰街103","2020-08-05 14:22:27"
"135","A1135","辽宁省大连市","中山区荣泰街104","2020-08-05 14:22:27"
"136","A1136","辽宁省大连市","中山区荣泰街21号","2020-08-05 14:22:27"
"137","A1137","辽宁省大连市","中山区荣泰街121号","2020-08-05 14:22:27"
"138","A1138","辽宁省大连市","中山区荣泰街221号","2020-08-05 14:22:27"
"139","A1139","辽宁省大连市","中山区荣泰街321号","2020-08-05 14:22:27"
"140","A1140","辽宁省大连市","中山区荣泰街19号","2020-08-05 14:22:27"
"141","A1141","辽宁省大连市","中山区荣泰街129号","2020-08-05 14:22:27"
"142","A1142","辽宁省大连市","中山区荣泰街201号","2020-08-05 14:22:27"
"143","A1143","辽宁省大连市","中山区荣泰街220号","2020-08-05 14:22:27"
"144","A1144","辽宁省大连市","中山区荣泰街240号","2020-08-05 14:22:27"
"145","A1145","辽宁省大连市","中山区春华街98号","2020-08-05 14:22:27"
"146","A1146","辽宁省大连市","中山区春华街198号","2020-08-05 14:22:27"
"147","A1147","辽宁省大连市","中山区春华街298号","2020-08-05 14:22:27"
"148","A1148","辽宁省大连市","中山区春华街398号","2020-08-05 14:22:27"
"149","A1149","辽宁省大连市","中山区春华街498号","2020-08-05 14:22:27"
"150","A1150","辽宁省大连市","中山区春华街196号","2020-08-05 14:22:27"
"151","A1151","辽宁省大连市","中山区春华街194号","2020-08-05 14:22:27"
"152","A1152","辽宁省大连市","中山区春华街294号","2020-08-05 14:22:27"
"153","A1153","辽宁省大连市","中山区春华街92号","2020-08-05 14:22:27"
"154","A1154","辽宁省大连市","中山区春华街192号","2020-08-05 14:22:27"
"155","A1155","辽宁省大连市","中山区春华街88号","2020-08-05 14:22:27"
"156","A1156","辽宁省大连市","中山区春华街188号","2020-08-05 14:22:27"
"157","A1157","辽宁省大连市","中山区春华街288号","2020-08-05 14:22:27"
"158","A1158","辽宁省大连市","中山区春华街186号","2020-08-05 14:22:27"
"159","A1159","辽宁省大连市","中山区春华街86号","2020-08-05 14:22:27"
"160","A1160","辽宁省大连市","中山区春华街84号","2020-08-05 14:22:27"
"161","A1161","辽宁省大连市","中山区春德街126号","2020-08-05 14:22:27"
"162","A1162","辽宁省大连市","中山区春德街1126号","2020-08-05 14:22:27"
"163","A1163","辽宁省大连市","中山区春华街480号","2020-08-05 14:22:27"
"164","A1164","江苏省南京市","秦淮区大明路50号","2020-08-05 14:22:27"
"165","A1165","江苏省南京市","秦淮区大明路54号","2020-08-05 14:22:27"
"166","A1166","江苏省南京市","秦淮区大明路56号","2020-08-05 14:22:27"
"167","A1167","江苏省南京市","秦淮区大明路156号","2020-08-05 14:22:27"
"168","A1168","江苏省南京市","秦淮区大明路62号","2020-08-05 14:22:27"
"169","A1169","江苏省南京市","秦淮区大明路162号","2020-08-05 14:22:27"
"170","A1170","江苏省南京市","秦淮区大明路64号","2020-08-05 14:22:27"
"171","A1171","江苏省南京市","秦淮区大明路74","2020-08-05 14:22:27"
"172","A1172","江苏省南京市","秦淮区大明路72号","2020-08-05 14:22:27"
"173","A1173","江苏省南京市","秦淮区大明路172号","2020-08-05 14:22:27"
"174","A1174","江苏省南京市","秦淮区大明路76号","2020-08-05 14:22:27"
"175","A1175","江苏省南京市","秦淮区大明路176号","2020-08-05 14:22:27"
"176","A1176","江苏省南京市","秦淮区秦虹路459号","2020-08-05 14:22:27"
"177","A1177","江苏省南京市","秦淮区秦虹路59号","2020-08-05 14:22:27"
"178","A1178","江苏省南京市","秦淮区大明路82","2020-08-05 14:22:27"
"179","A1179","江苏省南京市","秦淮区大明路821","2020-08-05 14:22:27"
"180","A1180","江苏省南京市","秦淮区大明路84","2020-08-05 14:22:27"
"181","A1181","江苏省南京市","秦淮区大明路88-8号","2020-08-05 14:22:27"
"182","A1182","江苏省南京市","秦淮区大明路188-1","2020-08-05 14:22:27"
"183","A1183","江苏省南京市","秦淮区大明路92","2020-08-05 14:22:27"
"184","A1184","江苏省南京市","秦淮区大明路192","2020-08-05 14:22:27"
"185","A1185","江苏省南京市","秦淮区大明路96-1号","2020-08-05 14:22:27"
"186","A1186","江苏省南京市","秦淮区大明路94号","2020-08-05 14:22:27"
"187","A1187","江苏省南京市","秦淮区大明路194号","2020-08-05 14:22:27"
"188","A1188","江苏省南京市","秦淮区大明路96","2020-08-05 14:22:27"
"189","A1189","江苏省南京市","秦淮区大明路1001","2020-08-05 14:22:27"
"190","A1190","江苏省南京市","秦淮区大明路100号","2020-08-05 14:22:27"
"191","A1191","江苏省南京市","秦淮区大明路1110号","2020-08-05 14:22:27"
"192","A1192","江苏省南京市","秦淮区大明路96-100","2020-08-05 14:22:27"
"193","A1193","江苏省南京市","秦淮区大明路1082","2020-08-05 14:22:27"
"194","A1194","江苏省南京市","秦淮区大明路1081","2020-08-05 14:22:27"
"195","A1195","江苏省南京市","秦淮区大明路106号","2020-08-05 14:22:27"
"196","A1196","江苏省南京市","秦淮区大明路1061","2020-08-05 14:22:27"
"197","A1197","江苏省南京市","秦淮区大明路108号","2020-08-05 14:22:27"
"198","A1198","江苏省南京市","秦淮区大明路111号","2020-08-05 14:22:27"
"199","A1199","江苏省南京市","秦淮区大明路120号","2020-08-05 14:22:27"
"200","A1200","江苏省南京市","秦淮区大明路110号","2020-08-05 14:22:27"
"201","A1201","江苏省南京市","秦淮区大明路55","2020-08-05 14:22:27"
"202","A1202","江苏省南京市","秦淮区大明路551","2020-08-05 14:22:27"
"203","A1203","江苏省南京市","秦淮区大明路118号","2020-08-05 14:22:27"
"204","A1204","江苏省南京市","秦淮区大明路118-1","2020-08-05 14:22:27"
"205","A1205","江苏省南京市","秦淮区大明路118号6-3-902","2020-08-05 14:22:27"
"206","A1206","江苏省南京市","秦淮区大明路35号","2020-08-05 14:22:27"
"207","A1207","江苏省南京市","秦淮区大明路135号","2020-08-05 14:22:27"
"208","A1208","江苏省南京市","秦淮区大明路1241","2020-08-05 14:22:27"
"209","A1209","江苏省南京市","秦淮区大明路1242","2020-08-05 14:22:27"
"210","A1210","江苏省南京市","秦淮区大明路1243","2020-08-05 14:22:27"
"211","A1211","江苏省南京市","秦淮区大明路124","2020-08-05 14:22:27"
"212","A1212","江苏省南京市","秦淮区大明路1261","2020-08-05 14:22:27"
"213","A1213","江苏省南京市","秦淮区大明路126","2020-08-05 14:22:27"
"214","A1214","上海市","普陀区绥德路891号","2020-08-05 14:22:27"
"215","A1215","上海市","普陀区绥德路972号","2020-08-05 14:22:27"
"216","A1216","上海市","普陀区绥德路976号","2020-08-05 14:22:27"
"217","A1217","上海市","普陀区绥德路992号","2020-08-05 14:22:27"
"218","A1218","上海市","普陀区绥德路9092号","2020-08-05 14:22:27"
"219","A1219","上海市","普陀区绥德路893号","2020-08-05 14:22:27"
"220","A1220","上海市","闵行区顾戴路1492号","2020-08-05 14:22:27"
"221","A1221","上海市","闵行区顾戴路1500号","2020-08-05 14:22:27"
"222","A1222","上海市","闵行区顾戴路1844号","2020-08-05 14:22:27"
"223","A1223","上海市","闵行区顾戴路1544号","2020-08-05 14:22:27"
"224","A1224","上海市","闵行区顾戴路1546号","2020-08-05 14:22:27"
"225","A1225","上海市","闵行区顾戴路1548号","2020-08-05 14:22:27"
"226","A1226","上海市","闵行区顾戴路1550号","2020-08-05 14:22:27"
"227","A1227","上海市","闵行区顾戴路1556号","2020-08-05 14:22:27"
"228","A1228","上海市","闵行区顾戴路1564号","2020-08-05 14:22:27"
"229","A1229","上海市","闵行区顾戴路1570号","2020-08-05 14:22:27"
"230","A1230","上海市","闵行区顾戴路1576号","2020-08-05 14:22:27"
"231","A1231","上海市","闵行区顾戴路1582号","2020-08-05 14:22:27"
"232","A1232","上海市","闵行区顾戴路1590号","2020-08-05 14:22:27"
"233","A1233","上海市","闵行区顾戴路1594号","2020-08-05 14:22:27"
"234","A1234","上海市","闵行区顾戴路1602号","2020-08-05 14:22:27"
"235","A1235","上海市","闵行区顾戴路1608号","2020-08-05 14:22:27"
"236","A1236","上海市","闵行区顾戴路1614号","2020-08-05 14:22:27"
"237","A1237","上海市","闵行区顾戴路1620号","2020-08-05 14:22:27"
"238","A1238","上海市","闵行区顾戴路1624号","2020-08-05 14:22:27"
"239","A1239","上海市","闵行区顾戴路1630号","2020-08-05 14:22:27"
"240","A1240","上海市","闵行区顾戴路1636号","2020-08-05 14:22:27"
"241","A1241","上海市","闵行区顾戴路1642号","2020-08-05 14:22:27"
"242","A1242","上海市","闵行区顾戴路1648号","2020-08-05 14:22:27"
"243","A1243","上海市","闵行区顾戴路1656号","2020-08-05 14:22:27"
"244","A1244","上海市","闵行区顾戴路1641号","2020-08-05 14:22:27"
"245","A1245","上海市","闵行区顾戴路1647号","2020-08-05 14:22:27"
"246","A1246","上海市","闵行区顾戴路1659号","2020-08-05 14:22:27"
"247","A1247","上海市","闵行区平阳路1580号","2020-08-05 14:22:27"
"248","A1248","上海市","闵行区平阳路1582号","2020-08-05 14:22:27"
"249","A1249","上海市","闵行区平阳路1584号","2020-08-05 14:22:27"
"250","A1250","上海市","闵行区平阳路1589号","2020-08-05 14:22:27"
"251","A1251","北京市","东城区干面胡同64号","2020-08-05 14:22:27"
"252","A1252","北京市","东城区东四南大街241-2号","2020-08-05 14:22:27"
"253","A1253","北京市","东城区东四南大街243号","2020-08-05 14:22:27"
"254","A1254","北京市","东城区东四南大街1243号","2020-08-05 14:22:27"
"255","A1255","北京市","东城区东四南大街189号","2020-08-05 14:22:27"
"256","A1256","北京市","东城区东四南大街1189号","2020-08-05 14:22:27"
"257","A1257","北京市","东城区灯口大街33号一层","2020-08-05 14:22:27"
"258","A1258","北京市","东城区东四南大街1249-1","2020-08-05 14:22:27"
"259","A1259","北京市","东城区东四南大街249-1","2020-08-05 14:22:27"
"260","A1260","北京市","东城区东四南大街1249号","2020-08-05 14:22:27"
"261","A1261","北京市","东城区东四南大街249号","2020-08-05 14:22:27"
"262","A1262","北京市","东城区东四南大街249-4","2020-08-05 14:22:27"
"263","A1263","北京市","东城区金宝街107号","2020-08-05 14:22:27"
"264","A1264","北京市","东城区金宝街1107号","2020-08-05 14:22:27"
"265","A1265","北京市","东城区东单北大街269号","2020-08-05 14:22:27"
"266","A1266","北京市","东城区东单北大街126号","2020-08-05 14:22:27"
"267","A1267","北京市","东城区东单北大街26号","2020-08-05 14:22:27"
"268","A1268","北京市","东城区东单北大街32号","2020-08-05 14:22:27"
"269","A1269","北京市","东城区东单北大街132号","2020-08-05 14:22:27"
"270","A1270","北京市","东城区东单北大街234号","2020-08-05 14:22:27"
"271","A1271","北京市","东城区东单北大街134号","2020-08-05 14:22:27"
"272","A1272","北京市","东城区东单北大街34号","2020-08-05 14:22:27"
"273","A1273","北京市","东城区东单北大街40号","2020-08-05 14:22:27"
"274","A1274","北京市","东城区东单北大街5号","2020-08-05 14:22:27"
"275","A1275","北京市","东城区东单北大街15号","2020-08-05 14:22:27"
"276","A1276","北京市","东城区东单北大街11号","2020-08-05 14:22:27"
"277","A1277","北京市","东城区东堂子胡同61号1105室","2020-08-05 14:22:27"
"278","A1278","北京市","东城区东单北大街199号","2020-08-05 14:22:27"
"279","A1279","北京市","东城区东单北大街19号","2020-08-05 14:22:27"
"280","A1280","北京市","东城区东单北大街23号","2020-08-05 14:22:27"
"281","A1281","北京市","东城区东单北大街123号","2020-08-05 14:22:27"
"282","A1282","北京市","东城区东堂子胡同56号","2020-08-05 14:22:27"
"283","A1283","北京市","东城区东堂子胡同156号","2020-08-05 14:22:27"
"284","A1284","北京市","东城区东单北大街60","2020-08-05 14:22:27"
"285","A1285","北京市","东城区东单北大街129号","2020-08-05 14:22:27"
"286","A1286","北京市","东城区东单北大街29号","2020-08-05 14:22:27"
"287","A1287","北京市","东城区东单北大街33号","2020-08-05 14:22:27"
"288","A1288","北京市","东城区东单北大街35号","2020-08-05 14:22:27"
"289","A1289","北京市","东城区东单北大街37号","2020-08-05 14:22:27"
"290","A1290","北京市","东城区东单北大街137号","2020-08-05 14:22:27"
"291","A1291","北京市","东城区东单北大街45号","2020-08-05 14:22:27"
"292","A1292","北京市","东城区东单北大街51号","2020-08-05 14:22:27"
"293","A1293","北京市","东城区东单北大街151号","2020-08-05 14:22:27"
"294","A1294","北京市","东城区东单北大街72","2020-08-05 14:22:27"
"295","A1295","北京市","东城区外交部街67号","2020-08-05 14:22:27"
"296","A1296","北京市","东城区东单北大街55号","2020-08-05 14:22:27"
"297","A1297","北京市","东城区东单北大街57号","2020-08-05 14:22:27"
"298","A1298","北京市","东城区东单北大街157号","2020-08-05 14:22:27"
"299","A1299","北京市","东城区东单北大街159号","2020-08-05 14:22:27"
"300","A1300","北京市","东城区东单北大街59号","2020-08-05 14:22:27"
"301","A1301","天津市","河东区津滨大道53号","2020-08-05 14:22:27"
"302","A1302","天津市","河东区津滨大道153号","2020-08-05 14:22:27"
"303","A1303","天津市","河东区津滨大道253号","2020-08-05 14:22:27"
"304","A1304","天津市","河东区津滨大道353号","2020-08-05 14:22:27"
"305","A1305","天津市","河东区津滨大道453号","2020-08-05 14:22:27"
"306","A1306","天津市","河东区津滨大道553号","2020-08-05 14:22:27"
"307","A1307","天津市","河东区津滨大道653号","2020-08-05 14:22:27"
"308","A1308","天津市","河东区津滨大道753号","2020-08-05 14:22:27"
"309","A1309","天津市","河东区津滨大道51号","2020-08-05 14:22:27"
"310","A1310","天津市","河东区津滨大道151号","2020-08-05 14:22:27"
"311","A1311","天津市","河东区津滨大道251号","2020-08-05 14:22:27"
"312","A1312","天津市","河东区津滨大道351号","2020-08-05 14:22:27"
"313","A1313","天津市","河东区津滨大道451号","2020-08-05 14:22:27"
"314","A1314","天津市","河东区津滨大道551号","2020-08-05 14:22:27"
"315","A1315","天津市","河东区津滨大道651号","2020-08-05 14:22:27"
"316","A1316","陕西省西安市","雁塔区长安南路168号","2020-08-05 14:22:27"
"317","A1317","陕西省西安市","雁塔区长安南路1168号","2020-08-05 14:22:27"
"318","A1318","陕西省西安市","雁塔区长安南路1268号","2020-08-05 14:22:27"
"319","A1319","陕西省西安市","雁塔区长安南路1368号","2020-08-05 14:22:27"
"320","A1320","陕西省西安市","雁塔区长安南路1468号","2020-08-05 14:22:27"
"321","A1321","陕西省西安市","雁塔区长安南路164","2020-08-05 14:22:27"
"322","A1322","陕西省西安市","雁塔区长安南路1641","2020-08-05 14:22:27"
"323","A1323","陕西省西安市","雁塔区长安南路1259号","2020-08-05 14:22:27"
"324","A1324","陕西省西安市","雁塔区长安南路159号","2020-08-05 14:22:27"
"325","A1325","陕西省西安市","雁塔区长安南路1159号","2020-08-05 14:22:27"
"326","A1326","陕西省西安市","雁塔区长安南路152号","2020-08-05 14:22:27"
"327","A1327","陕西省西安市","雁塔区长安南路2152号","2020-08-05 14:22:27"
"328","A1328","陕西省西安市","雁塔区长安南路1152号","2020-08-05 14:22:27"
"329","A1329","陕西省西安市","雁塔区长安南路148号","2020-08-05 14:22:27"
"330","A1330","陕西省西安市","雁塔区长安南路1148号","2020-08-05 14:22:27"
"331","A1331","陕西省西安市","雁塔区长安南路146号","2020-08-05 14:22:27"
"332","A1332","陕西省西安市","雁塔区长安南路144号","2020-08-05 14:22:27"
"333","A1333","陕西省西安市","雁塔区长安南路142号","2020-08-05 14:22:27"
"334","A1334","陕西省西安市","雁塔区长安南路132号","2020-08-05 14:22:27"
"335","A1335","陕西省西安市","雁塔区长安南路1128号","2020-08-05 14:22:27"
"336","A1336","陕西省西安市","雁塔区长安南路1228号","2020-08-05 14:22:27"
"337","A1337","陕西省西安市","雁塔区长安南路1328号","2020-08-05 14:22:27"
"338","A1338","陕西省西安市","雁塔区长安南路128号","2020-08-05 14:22:27"
"339","A1339","陕西省西安市","雁塔区长安南路116号","2020-08-05 14:22:27"
"340","A1340","陕西省西安市","雁塔区长安南路126号","2020-08-05 14:22:27"
"341","A1341","陕西省西安市","雁塔区长安南路136号","2020-08-05 14:22:27"
"342","A1342","陕西省西安市","雁塔区长安南路146号","2020-08-05 14:22:27"
"343","A1343","陕西省西安市","雁塔区水场路15号","2020-08-05 14:22:27"
"344","A1344","陕西省西安市","雁塔区水场路115号","2020-08-05 14:22:27"
"345","A1345","陕西省西安市","雁塔区水场路125号","2020-08-05 14:22:27"
"346","A1346","陕西省西安市","雁塔区水场路135号","2020-08-05 14:22:27"
"347","A1347","四川省成都市","青羊区江汉路91号","2020-08-05 14:22:27"
"348","A1348","四川省成都市","青羊区江汉路67号","2020-08-05 14:22:27"
"349","A1349","四川省成都市","青羊区江汉路1067号","2020-08-05 14:22:27"
"350","A1350","四川省成都市","青羊区江汉路218号","2020-08-05 14:22:27"
"351","A1351","四川省成都市","青羊区江汉路2118号","2020-08-05 14:22:27"
"352","A1352","四川省成都市","青羊区江汉路218号","2020-08-05 14:22:27"
"353","A1353","四川省成都市","青羊区江汉路174号","2020-08-05 14:22:27"
"354","A1354","四川省成都市","青羊区江汉路170号","2020-08-05 14:22:27"
"355","A1355","四川省成都市","青羊区江汉路164号","2020-08-05 14:22:27"
"356","A1356","四川省成都市","青羊区江汉路160号","2020-08-05 14:22:27"
"357","A1357","四川省成都市","青羊区江汉路156号","2020-08-05 14:22:27"
"358","A1358","四川省成都市","青羊区江汉路152号","2020-08-05 14:22:27"
"359","A1359","四川省成都市","青羊区江汉路148号","2020-08-05 14:22:27"
"360","A1360","四川省成都市","青羊区江汉路142号","2020-08-05 14:22:27"
"361","A1361","四川省成都市","青羊区江汉路138号","2020-08-05 14:22:27"
"362","A1362","四川省成都市","青羊区江汉路134号","2020-08-05 14:22:27"
"363","A1363","四川省成都市","青羊区江汉路150号","2020-08-05 14:22:27"
"364","A1364","四川省成都市","青羊区江汉路126号","2020-08-05 14:22:27"
"365","A1365","四川省成都市","青羊区江汉路110号","2020-08-05 14:22:27"
"366","A1366","四川省成都市","青羊区江汉路102号","2020-08-05 14:22:27"
"367","A1367","四川省成都市","青羊区江汉路96号","2020-08-05 14:22:27"
"368","A1368","四川省成都市","青羊区江汉路90号","2020-08-05 14:22:27"
"369","A1369","四川省成都市","青羊区江汉路84号","2020-08-05 14:22:27"
"370","A1370","四川省成都市","青羊区江汉路80号","2020-08-05 14:22:27"
"371","A1371","四川省成都市","青羊区江汉路76号","2020-08-05 14:22:27"
"372","A1372","四川省成都市","青羊区江汉路70号","2020-08-05 14:22:27"
"373","A1373","四川省成都市","青羊区江汉路64号","2020-08-05 14:22:27"
"374","A1374","四川省成都市","青羊区江汉路60号","2020-08-05 14:22:27"
"375","A1375","四川省成都市","青羊区江汉路54号","2020-08-05 14:22:27"
"376","A1376","四川省成都市","青羊区江汉路48号","2020-08-05 14:22:27"
"377","A1377","四川省成都市","青羊区江汉路44号","2020-08-05 14:22:27"
"378","A1378","四川省成都市","青羊区江汉路36号","2020-08-05 14:22:27"
"379","A1379","四川省成都市","青羊区江汉路32号","2020-08-05 14:22:27"
"380","A1380","四川省成都市","青羊区江汉路26号","2020-08-05 14:22:27"
"381","A1381","四川省成都市","青羊区江汉路22号","2020-08-05 14:22:27"
"382","A1382","四川省成都市","青羊区江汉路18号","2020-08-05 14:22:27"
"383","A1383","四川省成都市","青羊区江汉路16号","2020-08-05 14:22:27"
"384","A1384","四川省成都市","青羊区江汉路12号","2020-08-05 14:22:27"
"385","A1385","四川省成都市","青羊区江汉路10号","2020-08-05 14:22:27"
"386","A1386","四川省成都市","青羊区江汉路6号","2020-08-05 14:22:27"
"387","A1387","四川省成都市","青羊区文武路182号","2020-08-05 14:22:27"
"388","A1388","四川省成都市","青羊区文武路1182号","2020-08-05 14:22:27"
"389","A1389","四川省成都市","青羊区文武路180号","2020-08-05 14:22:27"
"390","A1390","四川省成都市","青羊区文武路196号","2020-08-05 14:22:27"
"391","A1391","四川省成都市","青羊区文武路1196号","2020-08-05 14:22:27"
"392","A1392","四川省成都市","青羊区文武路170","2020-08-05 14:22:27"
"393","A1393","四川省成都市","青羊区文武路166号","2020-08-05 14:22:27"
"394","A1394","四川省成都市","青羊区文武路160号","2020-08-05 14:22:27"
"395","A1395","四川省成都市","青羊区文武路158号","2020-08-05 14:22:27"
"396","A1396","四川省成都市","青羊区文武路152号附11","2020-08-05 14:22:27"
"397","A1397","河南省郑州市","中原区陇海西路313号","2020-08-05 14:22:27"
"398","A1398","河南省郑州市","中原区陇海西路1313号","2020-08-05 14:22:27"
"399","A1399","河南省郑州市","中原区陇海西路2315号","2020-08-05 14:22:27"
"400","A1400","河南省郑州市","中原区陇海西路3125号","2020-08-05 14:22:27"
"401","A1401","河南省郑州市","中原区陇海西路1315号","2020-08-05 14:22:27"
"402","A1402","河南省郑州市","中原区陇海西路317号","2020-08-05 14:22:27"
"403","A1403","河南省郑州市","中原区陇海西路1417号","2020-08-05 14:22:27"
"404","A1404","河南省郑州市","中原区陇海西路319号","2020-08-05 14:22:27"
"405","A1405","河南省郑州市","中原区陇海西路1319号","2020-08-05 14:22:27"
"406","A1406","河南省郑州市","中原区陇海西路321号","2020-08-05 14:22:27"
"407","A1407","河南省郑州市","中原区陇海西路3121号","2020-08-05 14:22:27"
"408","A1408","河南省郑州市","中原区陇海西路3223号","2020-08-05 14:22:27"
"409","A1409","河南省郑州市","中原区陇海西路3223号","2020-08-05 14:22:27"
"410","A1410","河南省郑州市","中原区陇海西路323号","2020-08-05 14:22:27"
"411","A1411","河南省郑州市","中原区陇海西路321号","2020-08-05 14:22:27"
"412","A1412","河南省郑州市","中原区陇海西路1321号","2020-08-05 14:22:27"
"413","A1413","河南省郑州市","中原区陇海西路2321号","2020-08-05 14:22:27"
"414","A1414","河南省郑州市","中原区陇海西路2319号","2020-08-05 14:22:27"
"415","A1415","河南省郑州市","中原区陇海西路3127号","2020-08-05 14:22:27"
"416","A1416","河南省郑州市","中原区陇海西路1317号","2020-08-05 14:22:27"
"417","A1417","河南省郑州市","中原区陇海西路2317号","2020-08-05 14:22:27"
"418","A1418","河南省郑州市","中原区陇海西路315号","2020-08-05 14:22:27"
"419","A1419","河南省郑州市","中原区陇海西路1315号","2020-08-05 14:22:27"
"420","A1420","河南省郑州市","中原区陇海西路1313号","2020-08-05 14:22:27"
"421","A1421","河南省郑州市","中原区陇海西路3713号","2020-08-05 14:22:27"
"422","A1422","河南省郑州市","中原区陇海西路2313号","2020-08-05 14:22:27"
"423","A1423","河南省郑州市","中原区陇海西路3111号","2020-08-05 14:22:27"
"424","A1424","河南省郑州市","中原区陇海西路311号","2020-08-05 14:22:27"
"425","A1425","河南省郑州市","中原区陇海西路309号","2020-08-05 14:22:27"
"426","A1426","河南省郑州市","中原区陇海西路1309号","2020-08-05 14:22:27"
"427","A1427","河南省郑州市","中原区陇海西路2309号","2020-08-05 14:22:27"
"428","A1428","河南省郑州市","中原区陇海西路307号","2020-08-05 14:22:27"
"429","A1429","河南省郑州市","中原区陇海西路1307号","2020-08-05 14:22:27"
"430","A1430","河南省郑州市","中原区陇海西路305号","2020-08-05 14:22:27"
"431","A1431","河南省郑州市","中原区陇海西路1305号","2020-08-05 14:22:27"
"432","A1432","河南省郑州市","中原区陇海西路303号","2020-08-05 14:22:27"
"433","A1433","河南省郑州市","中原区陇海西路2303号","2020-08-05 14:22:27"
"434","A1434","河南省郑州市","中原区陇海西路1303号","2020-08-05 14:22:27"
"435","A1435","河南省郑州市","中原区陇海西路301号","2020-08-05 14:22:27"
"436","A1436","河南省郑州市","中原区陇海西路1381号","2020-08-05 14:22:27"
"437","A1437","河南省郑州市","中原区陇海西路3201号","2020-08-05 14:22:27"
"438","A1438","河南省郑州市","中原区陇海西路1301号","2020-08-05 14:22:27"
"439","A1439","河南省郑州市","中原区陇海西路297号","2020-08-05 14:22:27"
"440","A1440","河南省郑州市","中原区陇海西路1297号","2020-08-05 14:22:27"
"441","A1441","河南省郑州市","中原区陇海西路2197号","2020-08-05 14:22:27"
"442","A1442","河南省郑州市","中原区陇海西路299号","2020-08-05 14:22:27"
"443","A1443","河南省郑州市","中原区陇海西路1299号","2020-08-05 14:22:27"
"444","A1444","河南省郑州市","中原区陇海西路295号","2020-08-05 14:22:27"
"445","A1445","河南省郑州市","中原区陇海西路293号","2020-08-05 14:22:27"
"446","A1446","河南省郑州市","中原区陇海西路2193号","2020-08-05 14:22:27"
"447","A1447","四川省成都市","武侯区人民南路三段29号-1","2020-08-05 14:22:27"
"448","A1448","四川省成都市","武侯区人民南路三段129号-1","2020-08-05 14:22:27"
"449","A1449","四川省成都市","武侯区林荫街11","2020-08-05 14:22:27"
"450","A1450","四川省成都市","武侯区林荫街122","2020-08-05 14:22:27"
"451","A1451","四川省成都市","武侯区林荫街1123","2020-08-05 14:22:27"
"452","A1452","四川省成都市","武侯区林荫街110","2020-08-05 14:22:27"
"453","A1453","四川省成都市","武侯区林荫街114","2020-08-05 14:22:27"
"454","A1454","四川省成都市","武侯区林荫街32号","2020-08-05 14:22:27"
"455","A1455","四川省成都市","武侯区林荫街12号","2020-08-05 14:22:27"
"456","A1456","四川省成都市","武侯区林荫街22号","2020-08-05 14:22:27"
"457","A1457","四川省成都市","武侯区人民南路三段17号","2020-08-05 14:22:27"
"458","A1458","四川省成都市","武侯区人民南路三段117号","2020-08-05 14:22:27"
"459","A1459","四川省成都市","武侯区人民南路三段127号","2020-08-05 14:22:27"
"460","A1460","四川省成都市","武侯区人民南路三段137号","2020-08-05 14:22:27"
"461","A1461","四川省成都市","武侯区人民南路三段147号","2020-08-05 14:22:27"
"462","A1462","四川省成都市","武侯区人民南路三段157号","2020-08-05 14:22:27"
"463","A1463","四川省成都市","武侯区人民南路三段167号","2020-08-05 14:22:27"
"464","A1464","四川省成都市","武侯区人民南路17号","2020-08-05 14:22:27"
"465","A1465","四川省成都市","武侯区人民南路117号附1号","2020-08-05 14:22:27"
"466","A1466","四川省成都市","武侯区人民南路127号附1号","2020-08-05 14:22:27"
"467","A1467","四川省成都市","武侯区人民南路137号附1号","2020-08-05 14:22:27"
"468","A1468","四川省成都市","武侯区人民南路147号附1号","2020-08-05 14:22:27"
"469","A1469","四川省成都市","武侯区人民南路157号附1号","2020-08-05 14:22:27"
"470","A1470","四川省成都市","锦江区玉沙路46号","2020-08-05 14:22:27"
"471","A1471","四川省成都市","锦江区玉沙路38号","2020-08-05 14:22:27"
"472","A1472","四川省成都市","锦江区玉沙路32号","2020-08-05 14:22:27"
"473","A1473","湖北省武汉市","青山区建设五路31","2020-08-05 14:22:27"
"474","A1474","湖北省武汉市","青山区建设五路32","2020-08-05 14:22:27"
"475","A1475","湖北省武汉市","青山区建设五路33","2020-08-05 14:22:27"
"476","A1476","湖北省武汉市","青山区建设五路34","2020-08-05 14:22:27"
"477","A1477","湖北省武汉市","青山区建设五路35","2020-08-05 14:22:27"
"478","A1478","湖北省武汉市","青山区建设五路36","2020-08-05 14:22:27"
"479","A1479","湖北省武汉市","青山区建设五路37","2020-08-05 14:22:27"
"480","A1480","湖北省武汉市","青山区建设五路38","2020-08-05 14:22:27"
"481","A1481","湖北省武汉市","青山区建设五路39","2020-08-05 14:22:27"
"482","A1482","湖北省武汉市","青山区建设五路30","2020-08-05 14:22:27"
"483","A1483","湖北省武汉市","青山区建设五路","2020-08-05 14:22:27"
"484","A1484","湖北省武汉市","青山区红钢二街","2020-08-05 14:22:27"
"485","A1485","湖北省武汉市","青山区建设六路11号","2020-08-05 14:22:27"
"486","A1486","湖北省武汉市","青山区建设六路12","2020-08-05 14:22:27"
"487","A1487","湖北省武汉市","青山区十三街21门2号","2020-08-05 14:22:27"
"488","A1488","湖北省武汉市","青山区建设六路18号","2020-08-05 14:22:27"
"489","A1489","湖北省武汉市","青山区建设六路118号","2020-08-05 14:22:27"
"490","A1490","湖北省武汉市","青山区建设六路128号","2020-08-05 14:22:27"
"491","A1491","湖北省武汉市","青山区建设六路138号","2020-08-05 14:22:27"
"492","A1492","湖北省武汉市","青山区建设六路148号","2020-08-05 14:22:27"
"493","A1493","湖北省武汉市","青山区建设六路158号","2020-08-05 14:22:27"
"494","A1494","湖北省武汉市","青山区建设六路168号","2020-08-05 14:22:27"
"495","A1495","湖北省武汉市","青山区建设六路20号","2020-08-05 14:22:27"
"496","A1496","湖北省武汉市","青山区建设六路120号","2020-08-05 14:22:27"
"497","A1497","湖北省武汉市","青山区建设六路220号","2020-08-05 14:22:27"
"498","A1498","湖北省武汉市","青山区建设六路320号","2020-08-05 14:22:27"
"499","A1499","湖北省武汉市","青山区建设六路420号","2020-08-05 14:22:27"
"500","A1500","湖北省武汉市","青山区建设六路520号","2020-08-05 14:22:27"
"501","A1501","湖北省武汉市","青山区建设六路620号","2020-08-05 14:22:27"
"502","A1502","湖北省武汉市","青山区建设六路720号","2020-08-05 14:22:27"
"503","A1503","湖北省武汉市","青山区建设六路820号","2020-08-05 14:22:27"
"504","A1504","湖北省武汉市","青山区和平大道981号","2020-08-05 14:22:27"
"505","A1505","湖北省武汉市","青山区和平大道1981号","2020-08-05 14:22:27"
"506","A1506","湖北省武汉市","青山区和平大道2981号","2020-08-05 14:22:27"
"507","A1507","湖北省武汉市","青山区和平大道3981号","2020-08-05 14:22:27"
"508","A1508","湖北省武汉市","青山区和平大道4981号","2020-08-05 14:22:27"
"509","A1509","湖北省武汉市","青山区和平大道5981号","2020-08-05 14:22:27"
"510","A1510","湖北省武汉市","青山区和平大道983号","2020-08-05 14:22:27"
"511","A1511","湖北省武汉市","青山区和平大道1983号","2020-08-05 14:22:27"
"512","A1512","湖北省武汉市","青山区和平大道2983号","2020-08-05 14:22:27"
"513","A1513","湖北省武汉市","青山区和平大道3983号","2020-08-05 14:22:27"
"514","A1514","湖北省武汉市","青山区和平大道4983号","2020-08-05 14:22:27"
"515","A1515","湖北省武汉市","青山区和平大道1498号","2020-08-05 14:22:27"
"516","A1516","湖北省武汉市","青山区和平大道1098号","2020-08-05 14:22:27"
"517","A1517","湖北省武汉市","青山区和平大道2498号","2020-08-05 14:22:27"
"518","A1518","湖北省武汉市","青山区和平大道498号","2020-08-05 14:22:27"
"519","A1519","湖北省武汉市","青山区和平大道985号","2020-08-05 14:22:27"
"520","A1520","湖北省武汉市","青山区和平大道1985号","2020-08-05 14:22:27"
"521","A1521","湖北省武汉市","青山区和平大道1987号","2020-08-05 14:22:27"
"522","A1522","湖北省武汉市","青山区和平大道9187号","2020-08-05 14:22:27"
"523","A1523","四川省成都市","青羊区德盛路10号","2020-08-05 14:22:27"
"524","A1524","四川省成都市","青羊区太升南路298号","2020-08-05 14:22:27"
"525","A1525","四川省成都市","锦江区玉沙路156号","2020-08-05 14:22:27"
"526","A1526","四川省成都市","锦江区玉沙路154号","2020-08-05 14:22:27"
"527","A1527","四川省成都市","锦江区玉沙路152号","2020-08-05 14:22:27"
"528","A1528","四川省成都市","锦江区玉沙路150号","2020-08-05 14:22:27"
"529","A1529","四川省成都市","锦江区玉沙路148号","2020-08-05 14:22:27"
"530","A1530","四川省成都市","锦江区玉沙路207号","2020-08-05 14:22:27"
"531","A1531","四川省成都市","锦江区玉沙路142号","2020-08-05 14:22:27"
"532","A1532","四川省成都市","锦江区玉沙路138号","2020-08-05 14:22:27"
"533","A1533","四川省成都市","锦江区玉沙路1138号","2020-08-05 14:22:27"
"534","A1534","四川省成都市","锦江区玉沙路136号","2020-08-05 14:22:27"
"535","A1535","四川省成都市","锦江区玉沙路1136号","2020-08-05 14:22:27"
"536","A1536","四川省成都市","锦江区玉沙路130号","2020-08-05 14:22:27"
"537","A1537","四川省成都市","锦江区玉沙路180号","2020-08-05 14:22:27"
"538","A1538","四川省成都市","锦江区玉沙路128号","2020-08-05 14:22:27"
"539","A1539","四川省成都市","锦江区玉沙路126号","2020-08-05 14:22:27"
"540","A1540","四川省成都市","锦江区玉沙路124号","2020-08-05 14:22:27"
"541","A1541","四川省成都市","锦江区玉沙路120号","2020-08-05 14:22:27"
"542","A1542","四川省成都市","锦江区玉沙路116号","2020-08-05 14:22:27"
"543","A1543","四川省成都市","锦江区玉沙路114号","2020-08-05 14:22:27"
"544","A1544","四川省成都市","锦江区玉沙路112号","2020-08-05 14:22:27"
"545","A1545","四川省成都市","锦江区玉沙路212号","2020-08-05 14:22:27"
"546","A1546","四川省成都市","锦江区玉沙路110号","2020-08-05 14:22:27"
"547","A1547","四川省成都市","锦江区玉沙路118号附1号","2020-08-05 14:22:27"
"548","A1548","四川省成都市","锦江区玉沙路106号附2号","2020-08-05 14:22:27"
"549","A1549","四川省成都市","锦江区玉沙路116号附1号","2020-08-05 14:22:27"
"550","A1550","四川省成都市","锦江区玉沙路101号","2020-08-05 14:22:27"
"551","A1551","四川省成都市","锦江区玉沙路98","2020-08-05 14:22:27"
"552","A1552","四川省成都市","锦江区玉沙路198","2020-08-05 14:22:27"
"553","A1553","四川省成都市","锦江区玉沙路100号附1号","2020-08-05 14:22:27"
"554","A1554","四川省成都市","锦江区玉沙路98号","2020-08-05 14:22:27"
"555","A1555","四川省成都市","锦江区玉沙路94","2020-08-05 14:22:27"
"556","A1556","四川省成都市","锦江区玉沙路941","2020-08-05 14:22:27"
"557","A1557","四川省成都市","锦江区玉沙路194","2020-08-05 14:22:27"
"558","A1558","四川省成都市","锦江区玉沙路90号五楼","2020-08-05 14:22:27"
"559","A1559","四川省成都市","锦江区玉沙路190号五楼","2020-08-05 14:22:27"
"560","A1560","四川省成都市","锦江区玉沙路910号五楼","2020-08-05 14:22:27"
"561","A1561","四川省成都市","锦江区玉沙路88号","2020-08-05 14:22:27"
"562","A1562","四川省成都市","锦江区玉沙路188号","2020-08-05 14:22:27"
"563","A1563","四川省成都市","锦江区玉沙路137号","2020-08-05 14:22:27"
"564","A1564","四川省成都市","锦江区玉沙路84号","2020-08-05 14:22:27"
"565","A1565","四川省成都市","锦江区玉沙路184号","2020-08-05 14:22:27"
"566","A1566","四川省成都市","锦江区玉沙路814号","2020-08-05 14:22:27"
"567","A1567","四川省成都市","锦江区玉沙路125号","2020-08-05 14:22:27"
"568","A1568","四川省成都市","锦江区玉沙路82号附2","2020-08-05 14:22:27"
"569","A1569","四川省成都市","锦江区玉沙路78号","2020-08-05 14:22:27"
"570","A1570","四川省成都市","锦江区玉沙路76号","2020-08-05 14:22:27"
"571","A1571","四川省成都市","锦江区玉沙路716号","2020-08-05 14:22:27"
"572","A1572","四川省成都市","锦江区玉沙路74号","2020-08-05 14:22:27"
"573","A1573","山东省青岛市","北区利津路48号","2020-08-05 14:22:27"
"574","A1574","山东省青岛市","北区利津路125号","2020-08-05 14:22:27"
"575","A1575","山东省青岛市","北区沈阳路17号","2020-08-05 14:22:27"
"576","A1576","山东省青岛市","北区沈阳路19号","2020-08-05 14:22:27"
"577","A1577","山东省青岛市","北区沈阳路119号","2020-08-05 14:22:27"
"578","A1578","山东省青岛市","北区沈阳路129号","2020-08-05 14:22:27"
"579","A1579","山东省青岛市","北区沈阳路219号","2020-08-05 14:22:27"
"580","A1580","山东省青岛市","北区沈阳路21-1","2020-08-05 14:22:27"
"581","A1581","山东省青岛市","北区沈阳路21号","2020-08-05 14:22:27"
"582","A1582","山东省青岛市","北区洮南路401号","2020-08-05 14:22:27"
"583","A1583","山东省青岛市","北区洮南路301号","2020-08-05 14:22:27"
"584","A1584","山东省青岛市","北区洮南路201号","2020-08-05 14:22:27"
"585","A1585","山东省青岛市","北区洮南路101号","2020-08-05 14:22:27"
"586","A1586","山东省青岛市","北区姚南路1号","2020-08-05 14:22:27"
"587","A1587","山东省青岛市","北区洮南路11号","2020-08-05 14:22:27"
"588","A1588","山东省青岛市","北区洮南路12号","2020-08-05 14:22:27"
"589","A1589","山东省青岛市","北区洮南路31号","2020-08-05 14:22:27"
"590","A1590","山东省青岛市","北区洮南路18号","2020-08-05 14:22:27"
"591","A1591","山东省青岛市","北区洮南路91号","2020-08-05 14:22:27"
"592","A1592","山东省青岛市","北区洮南路2号","2020-08-05 14:22:27"
"593","A1593","山东省青岛市","北区洮南路122号","2020-08-05 14:22:27"
"594","A1594","山东省青岛市","北区洮南路22号","2020-08-05 14:22:27"
"595","A1595","山东省青岛市","北区洮南路32号","2020-08-05 14:22:27"
"596","A1596","山东省青岛市","北区大名路178号","2020-08-05 14:22:27"
"597","A1597","山东省青岛市","北区大名路203号","2020-08-05 14:22:27"
"598","A1598","山东省青岛市","北区大名路213号","2020-08-05 14:22:27"
"599","A1599","山东省青岛市","北区大名路223号","2020-08-05 14:22:27"
"600","A1600","山东省青岛市","北区大名路233号","2020-08-05 14:22:27"
"601","A1601","山东省青岛市","北区大名路243号","2020-08-05 14:22:27"
"602","A1602","山东省青岛市","北区大名路253号","2020-08-05 14:22:27"
"603","A1603","山东省青岛市","北区大名路263号","2020-08-05 14:22:27"
"604","A1604","山东省青岛市","北区洮南路3号","2020-08-05 14:22:27"
"605","A1605","山东省青岛市","北区洮南路13号","2020-08-05 14:22:27"
"606","A1606","山东省青岛市","北区洮南路23号","2020-08-05 14:22:27"
"607","A1607","山东省青岛市","北区洮南路33号","2020-08-05 14:22:27"
"608","A1608","山东省青岛市","北区洮南路43号","2020-08-05 14:22:27"
"609","A1609","山东省青岛市","北区洮南路62号","2020-08-05 14:22:27"
"610","A1610","山东省青岛市","北区洮南路162号","2020-08-05 14:22:27"
"611","A1611","山东省青岛市","北区洮南路262号","2020-08-05 14:22:27"
"612","A1612","山东省青岛市","北区洮南路6号","2020-08-05 14:22:27"
"613","A1613","山东省青岛市","北区洮南路16号","2020-08-05 14:22:27"
"614","A1614","山东省青岛市","北区洮南路26号","2020-08-05 14:22:27"
"615","A1615","山东省青岛市","北区洮南路36号","2020-08-05 14:22:27"
"616","A1616","山东省青岛市","北区洮南路46号","2020-08-05 14:22:27"
"617","A1617","山东省青岛市","北区洮南路56号","2020-08-05 14:22:27"
"618","A1618","山东省青岛市","北区威海路214-2","2020-08-05 14:22:27"
"619","A1619","山东省青岛市","北区威海路98号","2020-08-05 14:22:27"
"620","A1620","山东省青岛市","北区威海路298号","2020-08-05 14:22:27"
"621","A1621","山东省青岛市","北区威海路198号","2020-08-05 14:22:27"
"622","A1622","湖北省武汉市","洪山区工业一路","2020-08-05 14:22:27"
"623","A1623","湖北省武汉市","洪山区友谊大道13号","2020-08-05 14:22:27"
"624","A1624","湖北省武汉市","洪山区友谊大道113号","2020-08-05 14:22:27"
"625","A1625","湖北省武汉市","洪山区友谊大道213号","2020-08-05 14:22:27"
"626","A1626","湖北省武汉市","洪山区友谊大道1102","2020-08-05 14:22:27"
"627","A1627","湖北省武汉市","洪山区友谊大道31号","2020-08-05 14:22:27"
"628","A1628","湖北省武汉市","洪山区友谊大道131号","2020-08-05 14:22:27"
"629","A1629","湖北省武汉市","洪山区友谊大道133号","2020-08-05 14:22:27"
"630","A1630","湖北省武汉市","洪山区友谊大道233号","2020-08-05 14:22:27"
"631","A1631","湖北省武汉市","青山区友谊大道331号","2020-08-05 14:22:27"
"632","A1632","湖北省武汉市","青山区友谊大道323号","2020-08-05 14:22:27"
"633","A1633","湖北省武汉市","青山区115街97门2号","2020-08-05 14:22:27"
"634","A1634","湖北省武汉市","青山区115街97门12号","2020-08-05 14:22:27"
"635","A1635","湖北省武汉市","青山区115街197门2号","2020-08-05 14:22:27"
"636","A1636","湖北省武汉市","青山区115街197门12号","2020-08-05 14:22:27"
"637","A1637","湖北省武汉市","青山区115街297门2号","2020-08-05 14:22:27"
"638","A1638","湖北省武汉市","青山区115街297门22号","2020-08-05 14:22:27"
"639","A1639","湖北省武汉市","青山区115街397门32号","2020-08-05 14:22:27"
"640","A1640","湖北省武汉市","青山区115街497门24号","2020-08-05 14:22:27"
"641","A1641","湖北省武汉市","青山区115街597门2号","2020-08-05 14:22:27"
"642","A1642","湖北省武汉市","青山区工业一路","2020-08-05 14:22:27"
"643","A1643","湖北省武汉市","青山区114街1号","2020-08-05 14:22:27"
"644","A1644","湖北省武汉市","青山区114街11号","2020-08-05 14:22:27"
"645","A1645","湖北省武汉市","青山区14街1号","2020-08-05 14:22:27"
"646","A1646","湖北省武汉市","青山区14街111号","2020-08-05 14:22:27"
"647","A1647","湖北省武汉市","青山区114街118号","2020-08-05 14:22:27"
"648","A1648","湖北省武汉市","青山区114街1198号","2020-08-05 14:22:27"
"649","A1649","湖北省武汉市","武昌区东湖路90号","2020-08-05 14:22:27"
"650","A1650","湖北省武汉市","武昌区东湖路92号","2020-08-05 14:22:27"
"651","A1651","湖北省武汉市","武昌区东湖路94号","2020-08-05 14:22:27"
"652","A1652","湖北省武汉市","武昌区东湖路914号","2020-08-05 14:22:27"
"653","A1653","山东省青岛市","北区和兴路65丁","2020-08-05 14:22:27"
"654","A1654","山东省青岛市","北区和兴路615丁","2020-08-05 14:22:27"
"655","A1655","山东省青岛市","北区和兴路84号","2020-08-05 14:22:27"
"656","A1656","山东省青岛市","北区和兴路841号","2020-08-05 14:22:27"
"657","A1657","山东省青岛市","北区威海路213号","2020-08-05 14:22:27"
"658","A1658","山东省青岛市","北区威海路2213号","2020-08-05 14:22:27"
"659","A1659","山东省青岛市","北区威海路2111号","2020-08-05 14:22:27"
"660","A1660","山东省青岛市","北区威海路211号","2020-08-05 14:22:27"
"661","A1661","山东省青岛市","北区威海路203","2020-08-05 14:22:27"
"662","A1662","山东省青岛市","北区威海路2031","2020-08-05 14:22:27"
"663","A1663","山东省青岛市","北区威海路2032","2020-08-05 14:22:27"
"664","A1664","山东省青岛市","北区威海路2033","2020-08-05 14:22:27"
"665","A1665","山东省青岛市","北区威海路2034","2020-08-05 14:22:27"
"666","A1666","山东省青岛市","北区四平路9甲","2020-08-05 14:22:27"
"667","A1667","山东省青岛市","北区四平路19甲","2020-08-05 14:22:27"
"668","A1668","山东省青岛市","北区四平路1号乙","2020-08-05 14:22:27"
"669","A1669","山东省青岛市","北区四平路11号乙","2020-08-05 14:22:27"
"670","A1670","山东省青岛市","北区四平路12号乙","2020-08-05 14:22:27"
"671","A1671","山东省青岛市","北区四平路13号乙","2020-08-05 14:22:27"
"672","A1672","山东省青岛市","北区四平路51号乙","2020-08-05 14:22:27"
"673","A1673","山东省青岛市","北区四平路11甲","2020-08-05 14:22:27"
"674","A1674","山东省青岛市","北区四平路111甲","2020-08-05 14:22:27"
"675","A1675","山东省青岛市","北区四平路311甲","2020-08-05 14:22:27"
"676","A1676","山东省青岛市","北区和兴路68号","2020-08-05 14:22:27"
"677","A1677","山东省青岛市","北区和兴路168号","2020-08-05 14:22:27"
"678","A1678","山东省青岛市","北区和兴路268号","2020-08-05 14:22:27"
"679","A1679","山东省青岛市","北区和兴路368号","2020-08-05 14:22:27"
"680","A1680","山东省青岛市","北区和兴路681","2020-08-05 14:22:27"
"681","A1681","山东省青岛市","北区和兴路72号","2020-08-05 14:22:27"
"682","A1682","山东省青岛市","北区和兴路172号","2020-08-05 14:22:27"
"683","A1683","山东省青岛市","北区和兴路272号","2020-08-05 14:22:27"
"684","A1684","山东省青岛市","北区和兴路372号","2020-08-05 14:22:27"
"685","A1685","山东省青岛市","北区和兴路472号","2020-08-05 14:22:27"
"686","A1686","山东省青岛市","北区和兴路572号","2020-08-05 14:22:27"
"687","A1687","山东省青岛市","北区和兴路59号","2020-08-05 14:22:27"
"688","A1688","山东省青岛市","北区和兴路159号","2020-08-05 14:22:27"
"689","A1689","山东省青岛市","北区和兴路259号","2020-08-05 14:22:27"
"690","A1690","山东省青岛市","北区四平路22甲","2020-08-05 14:22:27"
"691","A1691","山东省青岛市","北区四平路122甲","2020-08-05 14:22:27"
"692","A1692","山东省青岛市","北区四平路222甲","2020-08-05 14:22:27"
"693","A1693","山东省青岛市","北区四平路322甲","2020-08-05 14:22:27"
"694","A1694","山东省青岛市","北区四平路422甲","2020-08-05 14:22:27"
"695","A1695","山东省青岛市","北区四平路522甲","2020-08-05 14:22:27"
"696","A1696","山东省青岛市","北区通化路139号","2020-08-05 14:22:27"
"697","A1697","山东省青岛市","北区通化路39号","2020-08-05 14:22:27"
"698","A1698","山东省青岛市","北区通化路239号","2020-08-05 14:22:27"
"699","A1699","山东省青岛市","北区通化路339号","2020-08-05 14:22:27"
"700","A1700","山东省青岛市","北区通化路439号","2020-08-05 14:22:27"
"701","A1701","山东省青岛市","北区通化路539号","2020-08-05 14:22:27"
"702","A1702","山东省青岛市","北区通化路319号","2020-08-05 14:22:27"
"703","A1703","黑龙江省哈尔滨市","辖区安发街31号","2020-08-05 14:22:27"
"704","A1704","黑龙江省哈尔滨市","辖区安发街131号","2020-08-05 14:22:27"
"705","A1705","黑龙江省哈尔滨市","辖区安发街231号","2020-08-05 14:22:27"
"706","A1706","黑龙江省哈尔滨市","辖区安发街332","2020-08-05 14:22:27"
"707","A1707","黑龙江省哈尔滨市","辖区安发街33","2020-08-05 14:22:27"
"708","A1708","黑龙江省哈尔滨市","辖区安发街41号","2020-08-05 14:22:27"
"709","A1709","黑龙江省哈尔滨市","辖区安发街39","2020-08-05 14:22:27"
"710","A1710","黑龙江省哈尔滨市","辖区安发街附41","2020-08-05 14:22:27"
"711","A1711","黑龙江省哈尔滨市","辖区安发街附411","2020-08-05 14:22:27"
"712","A1712","黑龙江省哈尔滨市","辖区安发街47号","2020-08-05 14:22:27"
"713","A1713","黑龙江省哈尔滨市","辖区安发街147号","2020-08-05 14:22:27"
"714","A1714","黑龙江省哈尔滨市","辖区安发街491","2020-08-05 14:22:27"
"715","A1715","黑龙江省哈尔滨市","辖区安发街492","2020-08-05 14:22:27"
"716","A1716","黑龙江省哈尔滨市","辖区安发街49","2020-08-05 14:22:27"
"717","A1717","黑龙江省哈尔滨市","辖区安发街511","2020-08-05 14:22:27"
"718","A1718","黑龙江省哈尔滨市","辖区安发街512","2020-08-05 14:22:27"
"719","A1719","黑龙江省哈尔滨市","辖区安发街513","2020-08-05 14:22:27"
"720","A1720","黑龙江省哈尔滨市","辖区安发街514","2020-08-05 14:22:27"
"721","A1721","黑龙江省哈尔滨市","辖区安发街63","2020-08-05 14:22:27"
"722","A1722","黑龙江省哈尔滨市","辖区安发街631","2020-08-05 14:22:27"
"723","A1723","黑龙江省哈尔滨市","辖区安发街632","2020-08-05 14:22:27"
"724","A1724","黑龙江省哈尔滨市","辖区安发街633","2020-08-05 14:22:27"
"725","A1725","黑龙江省哈尔滨市","辖区安发街634","2020-08-05 14:22:27"
"726","A1726","黑龙江省哈尔滨市","辖区安发街635","2020-08-05 14:22:27"
"727","A1727","黑龙江省哈尔滨市","辖区安发街69号","2020-08-05 14:22:27"
"728","A1728","黑龙江省哈尔滨市","辖区安发街369号","2020-08-05 14:22:27"
"729","A1729","黑龙江省哈尔滨市","辖区安发街469号","2020-08-05 14:22:27"
"730","A1730","黑龙江省哈尔滨市","辖区安发街569号","2020-08-05 14:22:27"
"731","A1731","黑龙江省哈尔滨市","辖区安发街869号","2020-08-05 14:22:27"
"732","A1732","黑龙江省哈尔滨市","辖区安发街169号","2020-08-05 14:22:27"
"733","A1733","黑龙江省哈尔滨市","辖区安发街269号","2020-08-05 14:22:27"
"734","A1734","黑龙江省哈尔滨市","辖区安发街90号","2020-08-05 14:22:27"
"735","A1735","黑龙江省哈尔滨市","辖区安发街71号","2020-08-05 14:22:27"
"736","A1736","黑龙江省哈尔滨市","辖区安发街79号","2020-08-05 14:22:27"
"737","A1737","黑龙江省哈尔滨市","辖区安发街179号","2020-08-05 14:22:27"
"738","A1738","黑龙江省哈尔滨市","辖区安发街279号","2020-08-05 14:22:27"
"739","A1739","黑龙江省哈尔滨市","辖区安发街83号","2020-08-05 14:22:27"
"740","A1740","黑龙江省哈尔滨市","辖区安发街183号","2020-08-05 14:22:27"
"741","A1741","黑龙江省哈尔滨市","辖区安发街283号","2020-08-05 14:22:27"
"742","A1742","黑龙江省哈尔滨市","辖区安发街383号","2020-08-05 14:22:27"
"743","A1743","黑龙江省哈尔滨市","辖区安德街150号","2020-08-05 14:22:27"
"744","A1744","福建省福州市","鼓楼区钱塘巷8号","2020-08-05 14:22:27"
"745","A1745","福建省福州市","鼓楼区钱塘巷38号","2020-08-05 14:22:27"
"746","A1746","福建省福州市","鼓楼区钱塘巷87号","2020-08-05 14:22:27"
"747","A1747","福建省福州市","鼓楼区钱塘巷11号","2020-08-05 14:22:27"
"748","A1748","福建省福州市","鼓楼区钱塘巷13号","2020-08-05 14:22:27"
"749","A1749","福建省福州市","鼓楼区钱塘巷15号","2020-08-05 14:22:27"
"750","A1750","福建省福州市","鼓楼区钱塘巷18号","2020-08-05 14:22:27"
"751","A1751","福建省福州市","鼓楼区钱塘巷21号","2020-08-05 14:22:27"
"752","A1752","福建省福州市","鼓楼区钱塘巷221号","2020-08-05 14:22:27"
"753","A1753","福建省福州市","鼓楼区钱塘巷25号","2020-08-05 14:22:27"
"754","A1754","福建省福州市","鼓楼区钱塘巷225号","2020-08-05 14:22:27"
"755","A1755","福建省福州市","鼓楼区钱塘巷27号","2020-08-05 14:22:27"
"756","A1756","福建省福州市","鼓楼区钱塘巷31号","2020-08-05 14:22:27"
"757","A1757","福建省福州市","鼓楼区钱塘巷33号","2020-08-05 14:22:27"
"758","A1758","福建省福州市","鼓楼区钱塘巷35号","2020-08-05 14:22:27"
"759","A1759","福建省福州市","鼓楼区钱塘巷37号","2020-08-05 14:22:27"
"760","A1760","福建省福州市","鼓楼区钱塘巷39号","2020-08-05 14:22:27"
"761","A1761","福建省福州市","鼓楼区钱塘巷41号","2020-08-05 14:22:27"
"762","A1762","福建省福州市","鼓楼区钱塘巷45号","2020-08-05 14:22:27"
"763","A1763","福建省福州市","鼓楼区钱塘巷47号","2020-08-05 14:22:27"
"764","A1764","福建省福州市","鼓楼区钱塘巷427号","2020-08-05 14:22:27"
"765","A1765","福建省福州市","鼓楼区钱塘巷51号","2020-08-05 14:22:27"
"766","A1766","福建省福州市","鼓楼区钱塘巷53号","2020-08-05 14:22:27"
"767","A1767","福建省福州市","鼓楼区钱塘巷55号","2020-08-05 14:22:27"
"768","A1768","福建省福州市","鼓楼区钱塘巷57号","2020-08-05 14:22:27"
"769","A1769","福建省福州市","鼓楼区钱塘巷59号","2020-08-05 14:22:27"
"770","A1770","福建省福州市","鼓楼区钱塘巷61号","2020-08-05 14:22:27"
"771","A1771","福建省福州市","鼓楼区鼓屏路97号","2020-08-05 14:22:27"
"772","A1772","福建省福州市","鼓楼区鼓屏路99号","2020-08-05 14:22:27"
"773","A1773","福建省福州市","鼓楼区鼓屏路139-8号","2020-08-05 14:22:27"
"774","A1774","福建省福州市","鼓楼区冶山路3号","2020-08-05 14:22:27"
"775","A1775","福建省福州市","鼓楼区冶山路32号","2020-08-05 14:22:27"
"776","A1776","福建省福州市","鼓楼区冶山路7号","2020-08-05 14:22:27"
"777","A1777","福建省福州市","鼓楼区冶山路2号","2020-08-05 14:22:27"
"778","A1778","福建省福州市","鼓楼区冶山路13号","2020-08-05 14:22:27"
"779","A1779","福建省福州市","鼓楼区冶山路15号","2020-08-05 14:22:27"
"780","A1780","福建省福州市","鼓楼区冶山路6号","2020-08-05 14:22:27"
"781","A1781","福建省福州市","鼓楼区冶山路21号","2020-08-05 14:22:27"
"782","A1782","福建省福州市","鼓楼区冶山路8号","2020-08-05 14:22:27"
"783","A1783","福建省福州市","鼓楼区冶山路29号","2020-08-05 14:22:27"
"784","A1784","福建省福州市","鼓楼区冶山路31号","2020-08-05 14:22:27"
"785","A1785","福建省福州市","鼓楼区冶山路35号","2020-08-05 14:22:27"
"786","A1786","福建省福州市","鼓楼区冶山路37号","2020-08-05 14:22:27"
"787","A1787","福建省福州市","鼓楼区冶山路14号","2020-08-05 14:22:27"
"788","A1788","福建省福州市","台江区台江路286号","2020-08-05 14:22:27"
"789","A1789","福建省福州市","台江区台江路27号","2020-08-05 14:22:27"
"790","A1790","福建省福州市","台江区台江路127号","2020-08-05 14:22:27"
"791","A1791","福建省福州市","台江区台江路1127号","2020-08-05 14:22:27"
"792","A1792","福建省福州市","台江区排尾路4号","2020-08-05 14:22:27"
"793","A1793","福建省福州市","台江区排尾路34号","2020-08-05 14:22:27"
"794","A1794","吉林省长春市","绿园区春城大街956号","2020-08-05 14:22:27"
"795","A1795","吉林省长春市","绿园区春城大街952号","2020-08-05 14:22:27"
"796","A1796","吉林省长春市","绿园区春城大街948号","2020-08-05 14:22:27"
"797","A1797","吉林省长春市","绿园区春城大街944号","2020-08-05 14:22:27"
"798","A1798","吉林省长春市","绿园区春城大街938号","2020-08-05 14:22:27"
"799","A1799","吉林省长春市","绿园区春城大街934号","2020-08-05 14:22:27"
"800","A1800","吉林省长春市","绿园区春城大街930号","2020-08-05 14:22:27"
"801","A1801","吉林省长春市","绿园区春城大街926号","2020-08-05 14:22:27"
"802","A1802","吉林省长春市","绿园区春城大街922号","2020-08-05 14:22:27"
"803","A1803","吉林省长春市","绿园区春城大街918号","2020-08-05 14:22:27"
"804","A1804","吉林省长春市","绿园区春城大街914号","2020-08-05 14:22:27"
"805","A1805","吉林省长春市","绿园区春城大街910号","2020-08-05 14:22:27"
"806","A1806","吉林省长春市","绿园区锦西路704号","2020-08-05 14:22:27"
"807","A1807","吉林省长春市","绿园区春城大街898号","2020-08-05 14:22:27"
"808","A1808","吉林省长春市","绿园区春城大街892号","2020-08-05 14:22:27"
"809","A1809","吉林省长春市","绿园区春城大街884号","2020-08-05 14:22:27"
"810","A1810","吉林省长春市","绿园区春城大街878号","2020-08-05 14:22:27"
"811","A1811","吉林省长春市","绿园区春城大街870号","2020-08-05 14:22:27"
"812","A1812","吉林省长春市","绿园区春城大街864号","2020-08-05 14:22:27"
"813","A1813","吉林省长春市","绿园区春城大街856号","2020-08-05 14:22:27"
"814","A1814","吉林省长春市","绿园区春城大街848号","2020-08-05 14:22:27"
"815","A1815","吉林省长春市","绿园区春城大街842号","2020-08-05 14:22:27"
"816","A1816","吉林省长春市","绿园区春城大街836号","2020-08-05 14:22:27"
"817","A1817","吉林省长春市","绿园区春城大街828号","2020-08-05 14:22:27"
"818","A1818","吉林省长春市","绿园区春城大街822号","2020-08-05 14:22:27"
"819","A1819","吉林省长春市","绿园区春城大街814号","2020-08-05 14:22:27"
"820","A1820","吉林省长春市","绿园区春城大街806号","2020-08-05 14:22:27"
"821","A1821","吉林省长春市","绿园区春城大街800号","2020-08-05 14:22:27"
"822","A1822","吉林省长春市","绿园区春城大街794号","2020-08-05 14:22:27"
"823","A1823","吉林省长春市","绿园区春城大街786号","2020-08-05 14:22:27"
"824","A1824","吉林省长春市","绿园区春城大街780号","2020-08-05 14:22:27"
"825","A1825","吉林省长春市","绿园区春城大街774号","2020-08-05 14:22:27"
"826","A1826","吉林省长春市","绿园区春城大街766号","2020-08-05 14:22:27"
"827","A1827","吉林省长春市","绿园区春城大街758号","2020-08-05 14:22:27"
"828","A1828","吉林省长春市","绿园区春城大街752号","2020-08-05 14:22:27"
"829","A1829","吉林省长春市","绿园区春城大街744号","2020-08-05 14:22:27"
"830","A1830","吉林省长春市","绿园区春城大街740号","2020-08-05 14:22:27"
"831","A1831","吉林省长春市","绿园区春城大街732号","2020-08-05 14:22:27"
"832","A1832","吉林省长春市","绿园区春城大街724号","2020-08-05 14:22:27"
"833","A1833","吉林省长春市","绿园区春城大街718号","2020-08-05 14:22:27"
"834","A1834","吉林省长春市","绿园区春城大街710号","2020-08-05 14:22:27"
"835","A1835","吉林省长春市","绿园区春城大街704号","2020-08-05 14:22:27"
"836","A1836","吉林省长春市","绿园区春城大街696号","2020-08-05 14:22:27"
"837","A1837","吉林省长春市","绿园区春城大街688号","2020-08-05 14:22:27"
"838","A1838","吉林省长春市","绿园区春城大街680号","2020-08-05 14:22:27"
"839","A1839","吉林省长春市","绿园区春城大街674号","2020-08-05 14:22:27"
"840","A1840","吉林省长春市","绿园区春城大街668号","2020-08-05 14:22:27"
"841","A1841","吉林省长春市","绿园区春城大街660号","2020-08-05 14:22:27"
"842","A1842","吉林省长春市","绿园区春城大街654号","2020-08-05 14:22:27"
"843","A1843","吉林省长春市","绿园区乐园路853号","2020-08-05 14:22:27"
"844","A1844","海南省海口市","美兰区美紧路9号","2020-08-05 14:22:27"
"845","A1845","海南省海口市","美兰区美紧路19号","2020-08-05 14:22:27"
"846","A1846","海南省海口市","美兰区美紧路29号","2020-08-05 14:22:27"
"847","A1847","海南省海口市","美兰区美紧路39号","2020-08-05 14:22:27"
"848","A1848","海南省海口市","美兰区美紧路49号","2020-08-05 14:22:27"
"849","A1849","海南省海口市","美兰区美祥横路1号","2020-08-05 14:22:27"
"850","A1850","海南省海口市","美兰区国兴大道3号","2020-08-05 14:22:27"
"851","A1851","海南省海口市","美兰区国兴大道31号","2020-08-05 14:22:27"
"852","A1852","海南省海口市","美兰区国兴大道131号","2020-08-05 14:22:27"
"853","A1853","海南省海口市","美兰区国兴大道231号","2020-08-05 14:22:27"
"854","A1854","海南省海口市","美兰区国兴大道331号","2020-08-05 14:22:27"
"855","A1855","海南省海口市","美兰区国兴大道313号","2020-08-05 14:22:27"
"856","A1856","海南省海口市","美兰区国兴大道314号","2020-08-05 14:22:27"
"857","A1857","河南省郑州市","二七区陇海中路55号","2020-08-05 14:22:27"
"858","A1858","河南省郑州市","二七区陇海中路555号","2020-08-05 14:22:27"
"859","A1859","河南省郑州市","二七区陇海中路551号","2020-08-05 14:22:27"
"860","A1860","河南省郑州市","二七区陇海中路553号","2020-08-05 14:22:27"
"861","A1861","河南省郑州市","二七区陇海中路55号A-38","2020-08-05 14:22:27"
"862","A1862","河南省郑州市","二七区陇海中路155号A-138","2020-08-05 14:22:27"
"863","A1863","河南省郑州市","二七区陇海中路255号A-238","2020-08-05 14:22:27"
"864","A1864","河南省郑州市","二七区陇海中路355号A-338","2020-08-05 14:22:27"
"865","A1865","河南省郑州市","二七区陇海中路557号","2020-08-05 14:22:27"
"866","A1866","河南省郑州市","二七区陇海中路157号","2020-08-05 14:22:27"
"867","A1867","河南省郑州市","二七区陇海中路257号","2020-08-05 14:22:27"
"868","A1868","河南省郑州市","二七区陇海中路57附3","2020-08-05 14:22:27"
"869","A1869","河南省郑州市","二七区陇海中路57附31","2020-08-05 14:22:27"
"870","A1870","河南省郑州市","二七区陇海中路34号","2020-08-05 14:22:27"
"871","A1871","河南省郑州市","二七区陇海中路134号","2020-08-05 14:22:27"
"872","A1872","河南省郑州市","二七区陇海中路234号","2020-08-05 14:22:27"
"873","A1873","河南省郑州市","二七区陇海中路334号","2020-08-05 14:22:27"
"874","A1874","河南省郑州市","二七区陇海中路434号","2020-08-05 14:22:27"
"875","A1875","河南省郑州市","二七区陇海中路734号","2020-08-05 14:22:27"
"876","A1876","河南省郑州市","二七区陇海中路934号","2020-08-05 14:22:27"
"877","A1877","河南省郑州市","二七区陇海中路83号","2020-08-05 14:22:27"
"878","A1878","河南省郑州市","二七区陇海中路183号","2020-08-05 14:22:27"
"879","A1879","河南省郑州市","二七区陇海中路283号","2020-08-05 14:22:27"
"880","A1880","河南省郑州市","二七区陇海中路383号","2020-08-05 14:22:27"
"881","A1881","河南省郑州市","二七区陇海中路483号","2020-08-05 14:22:27"
"882","A1882","河南省郑州市","二七区陇海中路83号","2020-08-05 14:22:27"
"883","A1883","河南省郑州市","二七区陇海中路79号","2020-08-05 14:22:27"
"884","A1884","河南省郑州市","二七区陇海中路179号","2020-08-05 14:22:27"
"885","A1885","河南省郑州市","二七区陇海中路279号","2020-08-05 14:22:27"
"886","A1886","河南省郑州市","二七区陇海中路58附8","2020-08-05 14:22:27"
"887","A1887","河南省郑州市","二七区陇海中路58附1","2020-08-05 14:22:27"
"888","A1888","河南省郑州市","二七区陇海中路58附2","2020-08-05 14:22:27"
"889","A1889","河南省郑州市","二七区陇海中路58附83","2020-08-05 14:22:27"
"890","A1890","河南省郑州市","二七区陇海中路58附84","2020-08-05 14:22:27"
"891","A1891","广东省深圳市","福田区华发南路1018号","2020-08-05 14:22:27"
"892","A1892","广东省深圳市","福田区华发南路1118号","2020-08-05 14:22:27"
"893","A1893","广东省深圳市","福田区华发南路118号","2020-08-05 14:22:27"
"894","A1894","广东省深圳市","福田区华发南路2218号","2020-08-05 14:22:27"
"895","A1895","广东省深圳市","福田区深南中路2081号","2020-08-05 14:22:27"
"896","A1896","广东省深圳市","福田区深南中路81号","2020-08-05 14:22:27"
"897","A1897","广东省深圳市","福田区深南中路2074号","2020-08-05 14:22:27"
"898","A1898","广东省深圳市","福田区深南中路2174号","2020-08-05 14:22:27"
"899","A1899","广东省深圳市","福田区深南中路293","2020-08-05 14:22:27"
"900","A1900","广东省深圳市","福田区深南中路1093","2020-08-05 14:22:27"
"901","A1901","广东省深圳市","福田区深南中路2093","2020-08-05 14:22:27"
"902","A1902","广东省深圳市","福田区深南中路3093","2020-08-05 14:22:27"
"903","A1903","广东省深圳市","福田区深南中路2084","2020-08-05 14:22:27"
"904","A1904","广东省深圳市","福田区深南中路2184","2020-08-05 14:22:27"
"905","A1905","广东省深圳市","福田区华强北路2216号","2020-08-05 14:22:27"
"906","A1906","广东省深圳市","福田区华强北路1226号","2020-08-05 14:22:27"
"907","A1907","广东省深圳市","福田区华强北路226号","2020-08-05 14:22:27"
"908","A1908","广东省深圳市","福田区华强北路1015号","2020-08-05 14:22:27"
"909","A1909","广东省深圳市","福田区华强北路1115号","2020-08-05 14:22:27"
"910","A1910","广东省深圳市","福田区深南中路2201号","2020-08-05 14:22:27"
"911","A1911","广东省深圳市","福田区深南中路2101号","2020-08-05 14:22:27"
"912","A1912","广东省深圳市","福田区深南中路3002号","2020-08-05 14:22:27"
"913","A1913","广东省深圳市","福田区深南中路15","2020-08-05 14:22:27"
"914","A1914","广东省深圳市","福田区深南中路215","2020-08-05 14:22:27"
"915","A1915","广东省深圳市","福田区深南中路115","2020-08-05 14:22:27"
"916","A1916","广东省深圳市","福田区深南中路315","2020-08-05 14:22:27"
"917","A1917","广东省深圳市","福田区深南中路515","2020-08-05 14:22:27"
"918","A1918","广东省深圳市","福田区华强北路1001号5-8层","2020-08-05 14:22:27"
"919","A1919","广东省深圳市","福田区深南中路3003号","2020-08-05 14:22:27"
"920","A1920","广东省深圳市","福田区深南中路3103号","2020-08-05 14:22:27"
"921","A1921","广东省深圳市","福田区深南中路3903号","2020-08-05 14:22:27"
"922","A1922","广东省深圳市","福田区深南中路3006","2020-08-05 14:22:27"
"923","A1923","广东省深圳市","福田区深南中路3056","2020-08-05 14:22:27"
"924","A1924","广东省深圳市","福田区深南中路3106","2020-08-05 14:22:27"
"925","A1925","广东省深圳市","福田区深南中路3008-1号负1-负2层","2020-08-05 14:22:27"
"926","A1926","广东省深圳市","福田区深南中路3008-1号负2-负3层","2020-08-05 14:22:27"
"927","A1927","广东省深圳市","福田区深南中路3008-1号负3-负4层","2020-08-05 14:22:27"
"928","A1928","广东省深圳市","福田区深南中路3108-1号负1-负2层","2020-08-05 14:22:27"
"929","A1929","广东省深圳市","福田区深南中路3010号","2020-08-05 14:22:27"
"930","A1930","广东省深圳市","福田区深南中路3012","2020-08-05 14:22:27"
"931","A1931","广东省深圳市","福田区深南中路3014号","2020-08-05 14:22:27"
"932","A1932","广东省深圳市","福田区福虹路23号","2020-08-05 14:22:27"
"933","A1933","广东省深圳市","福田区福虹路123号","2020-08-05 14:22:27"
"934","A1934","广东省深圳市","福田区福虹路223号","2020-08-05 14:22:27"
"935","A1935","广东省深圳市","福田区深南中路3516","2020-08-05 14:22:27"
"936","A1936","广东省深圳市","福田区深南中路3016","2020-08-05 14:22:27"
"937","A1937","广东省深圳市","福田区深南中路3022","2020-08-05 14:22:27"
"938","A1938","广东省深圳市","福田区深南中路3122","2020-08-05 14:22:27"
"939","A1939","广东省深圳市","福田区深南中路3222","2020-08-05 14:22:27"
"940","A1940","广东省深圳市","福田区深南中路3021","2020-08-05 14:22:27"
"941","A1941","广东省深圳市","罗湖区中兴路32号","2020-08-05 14:22:27"
"942","A1942","广东省深圳市","罗湖区中兴路59号","2020-08-05 14:22:27"
"943","A1943","广东省深圳市","罗湖区中兴路57号","2020-08-05 14:22:27"
"944","A1944","广东省深圳市","罗湖区中兴路30号","2020-08-05 14:22:27"
"945","A1945","广东省深圳市","罗湖区中兴路22号","2020-08-05 14:22:27"
"946","A1946","广东省深圳市","罗湖区中兴路10号","2020-08-05 14:22:27"
"947","A1947","广东省深圳市","罗湖区中兴路6号","2020-08-05 14:22:27"
"948","A1948","广东省深圳市","罗湖区中兴路31号","2020-08-05 14:22:27"
"949","A1949","广东省深圳市","罗湖区中兴路194号","2020-08-05 14:22:27"
"950","A1950","广东省深圳市","罗湖区中兴路10","2020-08-05 14:22:27"
"951","A1951","广东省深圳市","罗湖区中兴路8","2020-08-05 14:22:27"
"952","A1952","广东省深圳市","罗湖区中兴路4号","2020-08-05 14:22:27"
"953","A1953","广东省深圳市","罗湖区中兴路14号","2020-08-05 14:22:27"
"954","A1954","广东省深圳市","罗湖区中兴路24号","2020-08-05 14:22:27"
"955","A1955","广东省深圳市","罗湖区中兴路9号","2020-08-05 14:22:27"
"956","A1956","广东省深圳市","罗湖区中兴路19号","2020-08-05 14:22:27"
"957","A1957","广东省深圳市","罗湖区文锦路2号","2020-08-05 14:22:27"
"958","A1958","广东省深圳市","罗湖区文锦路12号","2020-08-05 14:22:27"
"959","A1959","广东省深圳市","罗湖区文锦路22号","2020-08-05 14:22:27"
"960","A1960","广东省深圳市","罗湖区文锦路23号","2020-08-05 14:22:27"
"961","A1961","广东省深圳市","罗湖区中兴路2260号","2020-08-05 14:22:27"
"962","A1962","广东省深圳市","罗湖区中兴路2266号","2020-08-05 14:22:27"
"963","A1963","广东省深圳市","罗湖区中兴路226号","2020-08-05 14:22:27"
"964","A1964","广东省深圳市","罗湖区中兴路1226号","2020-08-05 14:22:27"
"965","A1965","广东省深圳市","罗湖区中兴路2526号","2020-08-05 14:22:27"
"966","A1966","广东省深圳市","罗湖区中兴路2226号","2020-08-05 14:22:27"
"967","A1967","广东省深圳市","罗湖区中兴路3226号","2020-08-05 14:22:27"
"968","A1968","广东省深圳市","罗湖区中兴路4226号","2020-08-05 14:22:27"
"969","A1969","广东省深圳市","罗湖区中兴路5226号","2020-08-05 14:22:27"
"970","A1970","广东省深圳市","罗湖区中兴路6226号","2020-08-05 14:22:27"
"971","A1971","广东省深圳市","罗湖区中兴路7226号","2020-08-05 14:22:27"
"972","A1972","广东省深圳市","罗湖区中兴路8226号","2020-08-05 14:22:27"
"973","A1973","广东省深圳市","罗湖区东门中路2131号","2020-08-05 14:22:27"
"974","A1974","广东省深圳市","罗湖区东门中路2132号","2020-08-05 14:22:27"
"975","A1975","广东省深圳市","罗湖区东门中路2835号","2020-08-05 14:22:27"
"976","A1976","广东省深圳市","罗湖区东门中路2135号","2020-08-05 14:22:27"
"977","A1977","广东省深圳市","罗湖区东门中路2086号-2","2020-08-05 14:22:27"
"978","A1978","广东省深圳市","罗湖区东门中路2086号-1","2020-08-05 14:22:27"
"979","A1979","广东省深圳市","罗湖区东门中路2086号-3","2020-08-05 14:22:27"
"980","A1980","广东省深圳市","罗湖区东门中路2086-4","2020-08-05 14:22:27"
"981","A1981","广东省深圳市","罗湖区东门中路2086-5","2020-08-05 14:22:27"
"982","A1982","广东省深圳市","罗湖区东门中路2086-6","2020-08-05 14:22:27"
"983","A1983","广东省深圳市","罗湖区东门中路2090","2020-08-05 14:22:27"
"984","A1984","广东省深圳市","罗湖区东门中路2094号","2020-08-05 14:22:27"
"985","A1985","广东省深圳市","罗湖区平铺路19号4层","2020-08-05 14:22:27"
"986","A1986","广东省深圳市","罗湖区中兴路239号1105室","2020-08-05 14:22:27"
"987","A1987","广东省深圳市","罗湖区东门中路2102号","2020-08-05 14:22:27"
"988","A1988","福建省厦门市","湖里区兴湖路31号","2020-08-05 14:22:27"
"989","A1989","福建省厦门市","湖里区兴湖路186号","2020-08-05 14:22:27"
"990","A1990","福建省厦门市","湖里区兴湖路286号","2020-08-05 14:22:27"
"991","A1991","福建省厦门市","湖里区兴湖路386号","2020-08-05 14:22:27"
"992","A1992","福建省厦门市","湖里区兴湖路33号","2020-08-05 14:22:27"
"993","A1993","福建省厦门市","湖里区兴湖路133号","2020-08-05 14:22:27"
"994","A1994","福建省厦门市","湖里区兴湖路235号","2020-08-05 14:22:27"
"995","A1995","福建省厦门市","湖里区兴湖路35号","2020-08-05 14:22:27"
"996","A1996","福建省厦门市","湖里区兴湖路135号","2020-08-05 14:22:27"
"997","A1997","福建省厦门市","湖里区兴湖路335号","2020-08-05 14:22:27"
"998","A1998","福建省厦门市","湖里区兴湖路37号","2020-08-05 14:22:27"
"999","A1999","福建省厦门市","湖里区兴湖路137号","2020-08-05 14:22:27"
"1000","A2000","福建省厦门市","湖里区兴湖路237号","2020-08-05 14:22:27"
"1001","A2001","福建省厦门市","湖里区兴湖路39号","2020-08-05 14:22:27"
"1002","A2002","福建省厦门市","湖里区兴湖路139号","2020-08-05 14:22:27"
"1003","A2003","福建省厦门市","湖里区兴湖路239号","2020-08-05 14:22:27"
"1004","A2004","福建省厦门市","湖里区兴湖路339号","2020-08-05 14:22:27"
"1005","A2005","福建省厦门市","湖里区兴湖路43号","2020-08-05 14:22:27"
"1006","A2006","福建省厦门市","湖里区兴湖路143号","2020-08-05 14:22:27"
"1007","A2007","福建省厦门市","湖里区兴湖路243号","2020-08-05 14:22:27"
"1008","A2008","福建省厦门市","湖里区兴湖路343号","2020-08-05 14:22:27"
"1009","A2009","福建省厦门市","湖里区兴湖路443号","2020-08-05 14:22:27"
"1010","A2010","福建省厦门市","湖里区兴湖路41号","2020-08-05 14:22:27"
"1011","A2011","福建省厦门市","湖里区兴湖路141号","2020-08-05 14:22:27"
"1012","A2012","福建省厦门市","湖里区兴湖路241号","2020-08-05 14:22:27"
"1013","A2013","福建省厦门市","湖里区兴湖路566号","2020-08-05 14:22:27"
"1014","A2014","福建省厦门市","湖里区兴湖路578","2020-08-05 14:22:27"
"1015","A2015","福建省厦门市","湖里区兴湖路592","2020-08-05 14:22:27"
"1016","A2016","福建省厦门市","湖里区兴湖路598之1","2020-08-05 14:22:27"
"1017","A2017","福建省厦门市","湖里区兴湖路600","2020-08-05 14:22:27"
"1018","A2018","福建省厦门市","湖里区兴湖路1600","2020-08-05 14:22:27"
"1019","A2019","福建省厦门市","湖里区兴湖路618-620","2020-08-05 14:22:27"
"1020","A2020","福建省厦门市","湖里区兴湖路584","2020-08-05 14:22:27"
"1021","A2021","福建省厦门市","湖里区兴湖路1584","2020-08-05 14:22:27"
"1022","A2022","福建省厦门市","湖里区兴湖路638-640","2020-08-05 14:22:27"
"1023","A2023","福建省厦门市","湖里区兴湖路598","2020-08-05 14:22:27"
"1024","A2024","福建省厦门市","湖里区兴湖路656","2020-08-05 14:22:27"
"1025","A2025","福建省厦门市","湖里区兴湖路662","2020-08-05 14:22:27"
"1026","A2026","福建省厦门市","湖里区兴湖路666","2020-08-05 14:22:27"
"1027","A2027","福建省厦门市","湖里区兴湖路668","2020-08-05 14:22:27"
"1028","A2028","福建省厦门市","湖里区兴湖路676","2020-08-05 14:22:27"
"1029","A2029","福建省厦门市","湖里区兴湖路1676","2020-08-05 14:22:27"
"1030","A2030","福建省厦门市","湖里区兴湖路686","2020-08-05 14:22:27"
"1031","A2031","福建省厦门市","湖里区兴湖路690","2020-08-05 14:22:27"
"1032","A2032","福建省厦门市","湖里区兴湖路702","2020-08-05 14:22:27"
"1033","A2033","福建省厦门市","湖里区兴湖路1702","2020-08-05 14:22:27"
"1034","A2034","福建省厦门市","湖里区兴湖路2702","2020-08-05 14:22:27"
"1035","A2035","辽宁省大连市","沙河口区东北路85号","2020-08-05 14:22:27"
"1036","A2036","辽宁省大连市","沙河口区东北路77号","2020-08-05 14:22:27"
"1037","A2037","辽宁省大连市","沙河口区东北路174号","2020-08-05 14:22:27"
"1038","A2038","辽宁省大连市","沙河口区东北路74号","2020-08-05 14:22:27"
"1039","A2039","辽宁省大连市","沙河口区东北路274号","2020-08-05 14:22:27"
"1040","A2040","辽宁省大连市","沙河口区东北路740号","2020-08-05 14:22:27"
"1041","A2041","辽宁省大连市","沙河口区东北路722号","2020-08-05 14:22:27"
"1042","A2042","辽宁省大连市","沙河口区东北路172号","2020-08-05 14:22:27"
"1043","A2043","辽宁省大连市","沙河口区东北路712号","2020-08-05 14:22:27"
"1044","A2044","辽宁省大连市","沙河口区东北路720号","2020-08-05 14:22:27"
"1045","A2045","辽宁省大连市","沙河口区东北路729号","2020-08-05 14:22:27"
"1046","A2046","辽宁省大连市","沙河口区东北路70号","2020-08-05 14:22:27"
"1047","A2047","辽宁省大连市","沙河口区东北路710号","2020-08-05 14:22:27"
"1048","A2048","辽宁省大连市","沙河口区东北路701号","2020-08-05 14:22:27"
"1049","A2049","辽宁省大连市","沙河口区东北路173号","2020-08-05 14:22:27"
"1050","A2050","辽宁省大连市","沙河口区东北路73号","2020-08-05 14:22:27"
"1051","A2051","辽宁省大连市","沙河口区东北路68号","2020-08-05 14:22:27"
"1052","A2052","辽宁省大连市","沙河口区东北路168号","2020-08-05 14:22:27"
"1053","A2053","辽宁省大连市","沙河口区东北路268号","2020-08-05 14:22:27"
"1054","A2054","辽宁省大连市","沙河口区东北路368号","2020-08-05 14:22:27"
"1055","A2055","辽宁省大连市","沙河口区东北路468号","2020-08-05 14:22:27"
"1056","A2056","辽宁省大连市","沙河口区东北路568号","2020-08-05 14:22:27"
"1057","A2057","辽宁省大连市","沙河口区东北路66号","2020-08-05 14:22:27"
"1058","A2058","辽宁省大连市","沙河口区东北路466号","2020-08-05 14:22:27"
"1059","A2059","辽宁省大连市","沙河口区东北路366号","2020-08-05 14:22:27"
"1060","A2060","辽宁省大连市","沙河口区东北路266号","2020-08-05 14:22:27"
"1061","A2061","辽宁省大连市","沙河口区东北路166号","2020-08-05 14:22:27"
"1062","A2062","辽宁省大连市","沙河口区东北路64号","2020-08-05 14:22:27"
"1063","A2063","辽宁省大连市","沙河口区东北路164号","2020-08-05 14:22:27"
"1064","A2064","辽宁省大连市","沙河口区东北路264号","2020-08-05 14:22:27"
"1065","A2065","辽宁省大连市","沙河口区东北路364号","2020-08-05 14:22:27"
"1066","A2066","辽宁省大连市","沙河口区东北路464号","2020-08-05 14:22:27"
"1067","A2067","辽宁省大连市","沙河口区东北路64号","2020-08-05 14:22:27"
"1068","A2068","辽宁省大连市","沙河口区东北路62号","2020-08-05 14:22:27"
"1069","A2069","辽宁省大连市","沙河口区东北路262号","2020-08-05 14:22:27"
"1070","A2070","辽宁省大连市","沙河口区东北路162号","2020-08-05 14:22:27"
"1071","A2071","辽宁省大连市","沙河口区东北路60号","2020-08-05 14:22:27"
"1072","A2072","辽宁省大连市","沙河口区东北路160号","2020-08-05 14:22:27"
"1073","A2073","辽宁省大连市","沙河口区g201","2020-08-05 14:22:27"
"1074","A2074","辽宁省大连市","沙河口区g2011","2020-08-05 14:22:27"
"1075","A2075","辽宁省大连市","沙河口区g2012","2020-08-05 14:22:27"
"1076","A2076","辽宁省大连市","沙河口区东北路056号","2020-08-05 14:22:27"
"1077","A2077","辽宁省大连市","沙河口区东北路156号","2020-08-05 14:22:27"
"1078","A2078","辽宁省大连市","沙河口区东北路256号","2020-08-05 14:22:27"
"1079","A2079","辽宁省大连市","沙河口区东北路356号","2020-08-05 14:22:27"
"1080","A2080","辽宁省大连市","沙河口区东北路456号","2020-08-05 14:22:27"
"1081","A2081","辽宁省大连市","沙河口区东北路565号","2020-08-05 14:22:27"
"1082","A2082","辽宁省大连市","沙河口区东北路654号","2020-08-05 14:22:27"
"1083","A2083","辽宁省大连市","沙河口区东北路754号","2020-08-05 14:22:27"
"1084","A2084","辽宁省大连市","沙河口区东北路854号","2020-08-05 14:22:27"
